source_order,star_grade,monster_type,monster_family,element,awakened_name,image_url,base_image_url,monster_url,awakening_essences,skill_ups,source_url
1,5,Support,Nina Williams,Light,Nina Williams,https://summonerswarskyarena.info/wp-content/uploads/2025/07/unit_icon_0186_1_1_ninawilliams_l.png,https://summonerswarskyarena.info/wp-content/uploads/2025/07/unit_icon_0186_1_1_ninawilliams_l.png,https://summonerswarskyarena.info/monster/nina-williams-light-nina-williams-review/,,12,https://summonerswarskyarena.info/monster-list/
2,5,Support,Hacker,Light,51LV3R,https://summonerswarskyarena.info/wp-content/uploads/2024/04/unit_icon_0146_1_4_51lv3r.png,https://summonerswarskyarena.info/wp-content/uploads/2024/04/unit_icon_0146_0_4.png,https://summonerswarskyarena.info/monster/51lv3r-light-hacker-review/,20 10 15 5,11,https://summonerswarskyarena.info/monster-list/
3,5,Attack,Hacker,Wind,570RM,https://summonerswarskyarena.info/wp-content/uploads/2024/04/unit_icon_0146_1_3_570rm.png,https://summonerswarskyarena.info/wp-content/uploads/2024/04/unit_icon_0146_0_3.png,https://summonerswarskyarena.info/monster/570rm-wind-hacker-review/,20 10 15 5,11,https://summonerswarskyarena.info/monster-list/
4,5,Support,Hacker,Fire,7R1X,https://summonerswarskyarena.info/wp-content/uploads/2024/04/unit_icon_0146_1_2_7r1x.png,https://summonerswarskyarena.info/wp-content/uploads/2024/04/unit_icon_0146_0_2.png,https://summonerswarskyarena.info/monster/7r1x-fire-hacker-review/,20 10 15 5,11,https://summonerswarskyarena.info/monster-list/
5,5,Support,Totemist,Water,Aaliyah,https://summonerswarskyarena.info/wp-content/uploads/2021/11/unit_icon_0078_1_1.png,https://summonerswarskyarena.info/wp-content/uploads/2021/11/unit_icon_0078_0_1.png,https://summonerswarskyarena.info/monster/aaliyah-water-totemist-review/,5 15 10 20,10,https://summonerswarskyarena.info/monster-list/
6,5,Defense,Druid,Water,Abellio,https://summonerswarskyarena.info/wp-content/uploads/2018/09/abellio.png,https://summonerswarskyarena.info/wp-content/uploads/2018/09/water-druid.png,https://summonerswarskyarena.info/monster/abellio-water-druid-review/,20 10 15 5,13,https://summonerswarskyarena.info/monster-list/
7,4,Attack,Cannon Girl,Water,Abigail,https://summonerswarskyarena.info/wp-content/uploads/2019/02/abigail.png,https://summonerswarskyarena.info/wp-content/uploads/2019/02/water-cannon-girl.png,https://summonerswarskyarena.info/monster/abigail-water-cannon-girl-review/,15 12 15 10,9,https://summonerswarskyarena.info/monster-list/
8,4,Support,Sylphid,Wind,Acasis,https://summonerswarskyarena.info/wp-content/uploads/2017/01/Acasis_Icon.png,https://summonerswarskyarena.info/wp-content/uploads/2017/01/Sylphid_Wind_Icon.png,https://summonerswarskyarena.info/monster/acasis-wind-sylphid-review/,10 20 5 15,10,https://summonerswarskyarena.info/monster-list/
9,5,Defense,Beetle Guardian,Dark,Actaeon,https://summonerswarskyarena.info/wp-content/uploads/2025/04/unit_icon_0177_0_5_actaeon2.png,https://summonerswarskyarena.info/wp-content/uploads/2025/04/unit_icon_0177_0_5_actaeon.png,https://summonerswarskyarena.info/monster/actaeon-dark-beetle-guardian-review/,5 15 10 20,11,https://summonerswarskyarena.info/monster-list/
10,3,Support,Elven Ranger,Fire,Adrian,https://summonerswarskyarena.info/wp-content/uploads/2015/11/Adrian-Fire.png,https://summonerswarskyarena.info/wp-content/uploads/2015/11/Elven-Ranger-Fire.png,https://summonerswarskyarena.info/monster/adrian-fire-elven-ranger-review/,17 7 12 5,13,https://summonerswarskyarena.info/monster-list/
11,5,Support,Pudding Princess,Water,Adriana,https://summonerswarskyarena.info/wp-content/uploads/2023/07/unit_icon_0099_1_1.png,https://summonerswarskyarena.info/wp-content/uploads/2023/07/unit_icon_0099_0_1.png,https://summonerswarskyarena.info/monster/adriana-water-pudding-princess-review/,5 15 10 20,11,https://summonerswarskyarena.info/monster-list/
12,4,Attack,Barbaric King,Water,Aegir,https://summonerswarskyarena.info/wp-content/uploads/2015/03/Aegir-Water.png,https://summonerswarskyarena.info/wp-content/uploads/2015/03/Barbaric-King-Water.png,https://summonerswarskyarena.info/monster/aegir-water-barbaric-king-review/,10 20 5 15,13,https://summonerswarskyarena.info/monster-list/
13,2,Support,Fairy,Wind,Aeilene,https://summonerswarskyarena.info/wp-content/uploads/2018/06/Aeilene_Icon.png,https://summonerswarskyarena.info/wp-content/uploads/2018/06/Fairy_Wind_Icon.png,https://summonerswarskyarena.info/monster/aeilene-wind-fairy-review/,5 10 10 15,15,https://summonerswarskyarena.info/monster-list/
14,4,Attack,Centaur Knight,Fire,Agirus,https://summonerswarskyarena.info/wp-content/uploads/2025/10/unit_icon_0193_1_2_Agrius_2.png,https://summonerswarskyarena.info/wp-content/uploads/2025/10/unit_icon_0193_0_2_Agrius.png,https://summonerswarskyarena.info/monster/agirus-fire-centaur-knight-review/,15 5 20 10,10,https://summonerswarskyarena.info/monster-list/
15,5,Support,Justice,Fire,Agrenia,https://summonerswarskyarena.info/wp-content/uploads/2025/12/unit_icon_0202_0_2_Agrenia2.png,https://summonerswarskyarena.info/wp-content/uploads/2025/12/unit_icon_0202_0_2_Agrenia.png,https://summonerswarskyarena.info/monster/agrenia-fire-justice-review/,20 10 15 5,11,https://summonerswarskyarena.info/monster-list/
16,3,HP,Bearman,Light,Ahman,https://summonerswarskyarena.info/wp-content/uploads/2017/01/Ahman_Icon.png,https://summonerswarskyarena.info/wp-content/uploads/2017/01/Bearman_Light_Icon.png,https://summonerswarskyarena.info/monster/ahman-light-bearman-review/,15 10 10 5,10,https://summonerswarskyarena.info/monster-list/
17,4,HP,Desert Warrior,Light,Ahmed,https://summonerswarskyarena.info/wp-content/uploads/2023/07/unit_icon_0115_1_4.png,https://summonerswarskyarena.info/wp-content/uploads/2023/07/unit_icon_0115_0_4.png,https://summonerswarskyarena.info/monster/ahmed-light-desert-warrior-review/,15 10 15 12,13,https://summonerswarskyarena.info/monster-list/
18,5,Attack,Ifrit,Wind,Akhamamir,https://summonerswarskyarena.info/wp-content/uploads/2015/03/Akhamamir-Wind.png,https://summonerswarskyarena.info/wp-content/uploads/2015/03/Ifrit-Wind.png,https://summonerswarskyarena.info/monster/akhamamir-wind-ifrit/,20 10 15 5,15,https://summonerswarskyarena.info/monster-list/
19,4,Attack,Succubus,Fire,Akia,https://summonerswarskyarena.info/wp-content/uploads/2017/01/Akia_Icon.png,https://summonerswarskyarena.info/wp-content/uploads/2017/01/Succubus_Fire_Icon.png,https://summonerswarskyarena.info/monster/akia-fire-succubus-review/,10 20 5 15,14,https://summonerswarskyarena.info/monster-list/
20,5,Defense,Valkyrja,Light,Akroma,https://summonerswarskyarena.info/wp-content/uploads/2017/02/Akroma_Icon.png,https://summonerswarskyarena.info/wp-content/uploads/2017/02/Valkyrja-Light-icon.png,https://summonerswarskyarena.info/monster/akroma-light-valkyrja-review/,20 10 15 5,7,https://summonerswarskyarena.info/monster-list/
21,5,HP,Unicorn,Dark,Alexandra,https://summonerswarskyarena.info/wp-content/uploads/2017/03/Alexandra_Icon.png,https://summonerswarskyarena.info/wp-content/uploads/2017/03/Unicorn_Dark_Icon.png,https://summonerswarskyarena.info/monster/alexandra-dark-unicorn-review/,20 10 15 5,11,https://summonerswarskyarena.info/monster-list/
22,5,Defense,Macaron Guard,Fire,Alice,https://summonerswarskyarena.info/wp-content/uploads/2023/07/unit_icon_0097_1_2.png,https://summonerswarskyarena.info/wp-content/uploads/2023/07/unit_icon_0097_0_2.png,https://summonerswarskyarena.info/monster/alice-fire-macaron-guard-review/,5 15 10 20,11,https://summonerswarskyarena.info/monster-list/
23,5,Attack,Polar Queen,Water,Alicia,https://summonerswarskyarena.info/wp-content/uploads/2015/03/Alicia-Water.png,https://summonerswarskyarena.info/wp-content/uploads/2015/03/Polar-Queen-Water.png,https://summonerswarskyarena.info/monster/alicia-water-polar-queen-review/,20 10 15 5,12,https://summonerswarskyarena.info/monster-list/
24,2,HP,Vagabond,Water,Allen,https://summonerswarskyarena.info/wp-content/uploads/2018/06/Allen_Icon.png,https://summonerswarskyarena.info/wp-content/uploads/2018/06/Vagabond_Water_Icon.png,https://summonerswarskyarena.info/monster/allen-water-vagabond-review/,5 10 10 15,13,https://summonerswarskyarena.info/monster-list/
25,5,Attack,Altaïr,Light,Altaïr,https://summonerswarskyarena.info/wp-content/uploads/2023/07/unit_icon_0111_1_4.png,https://summonerswarskyarena.info/wp-content/uploads/2023/07/unit_icon_0111_1_4.png,https://summonerswarskyarena.info/monster/altair-light-altair-review/,,10,https://summonerswarskyarena.info/monster-list/
26,3,Attack,Magical Archer,Fire,Amanda,https://summonerswarskyarena.info/wp-content/uploads/2016/12/Cassandra_Icon.png,https://summonerswarskyarena.info/wp-content/uploads/2016/12/Magical_Archer_Fire_Icon.png,https://summonerswarskyarena.info/monster/cassandra-fire-magical-archer-review/,20 5 15 5,15,https://summonerswarskyarena.info/monster-list/
27,4,Support,Anubis,Light,Amarna,https://summonerswarskyarena.info/wp-content/uploads/2015/10/Amarna-Light.png,https://summonerswarskyarena.info/wp-content/uploads/2015/10/Anubis-Light.png,https://summonerswarskyarena.info/monster/amarna-light-anubis-review/,12 15 7 15,12,https://summonerswarskyarena.info/monster-list/
28,5,Attack,Battle Angel,Water,Amber,https://summonerswarskyarena.info/wp-content/uploads/2022/07/unit_icon_0087_1_1.png,https://summonerswarskyarena.info/wp-content/uploads/2022/07/unit_icon_0087_0_1.png,https://summonerswarskyarena.info/monster/amber-water-battle-angel-review/,5 15 10 20,10,https://summonerswarskyarena.info/monster-list/
29,4,Support,Horus,Dark,Amduat,https://summonerswarskyarena.info/wp-content/uploads/2015/10/Amduat-Dark.png,https://summonerswarskyarena.info/wp-content/uploads/2015/10/Horus-Dark.png,https://summonerswarskyarena.info/monster/amduat-dark-horus-review/,12 15 7 15,11,https://summonerswarskyarena.info/monster-list/
30,5,HP,Unicorn,Water,Amelia,https://summonerswarskyarena.info/wp-content/uploads/2017/03/Amelia_Icon.png,https://summonerswarskyarena.info/wp-content/uploads/2017/03/Unicorn_Water_Icon.png,https://summonerswarskyarena.info/monster/amelia-water-unicorn-review/,20 10 15 5,12,https://summonerswarskyarena.info/monster-list/
31,5,Support,Occult Girl,Water,Anavel,https://summonerswarskyarena.info/wp-content/uploads/2017/02/Anavel_Icon.png,https://summonerswarskyarena.info/wp-content/uploads/2017/02/Occult_Girl_Water_Icon.png,https://summonerswarskyarena.info/monster/anavel-water-occult-girl/,20 10 15 5,13,https://summonerswarskyarena.info/monster-list/
32,5,Attack,Magic Order Guardian,Water,Anders,https://summonerswarskyarena.info/wp-content/uploads/2024/06/unit_icon_0150_1_1_anders2.png,https://summonerswarskyarena.info/wp-content/uploads/2024/06/unit_icon_0150_0_1_anders.png,https://summonerswarskyarena.info/monster/anders-water-magic-order-guardian-review/,20 10 15 5,11,https://summonerswarskyarena.info/monster-list/
33,3,Attack,Inferno,Wind,Anduril,https://summonerswarskyarena.info/wp-content/uploads/2016/12/Anduril_Icon.png,https://summonerswarskyarena.info/wp-content/uploads/2016/12/Inferno_Wind_Icon.png,https://summonerswarskyarena.info/monster/anduril-wind-inferno-review/,15 10 10 5,12,https://summonerswarskyarena.info/monster-list/
34,5,Support,Pudding Princess,Wind,Angela,https://summonerswarskyarena.info/wp-content/uploads/2023/07/unit_icon_0099_1_3.png,https://summonerswarskyarena.info/wp-content/uploads/2023/07/unit_icon_0099_0_3.png,https://summonerswarskyarena.info/monster/angela-wind-pudding-princess-review/,5 15 10 20,10,https://summonerswarskyarena.info/monster-list/
35,3,Attack,Cow Girl,Fire,Anne,https://summonerswarskyarena.info/wp-content/uploads/2015/03/Anne-Fire.png,https://summonerswarskyarena.info/wp-content/uploads/2015/03/Cow-Girl-Fire.png,https://summonerswarskyarena.info/monster/anne-fire-cow-girl-review/,15 10 10 5,14,https://summonerswarskyarena.info/monster-list/
36,4,Attack,Lich,Fire,Antares,https://summonerswarskyarena.info/wp-content/uploads/2017/01/Antares_Icon.png,https://summonerswarskyarena.info/wp-content/uploads/2017/01/Lich_Fire_Icon.png,https://summonerswarskyarena.info/monster/antares-fire-lich-review/,10 20 5 15,9,https://summonerswarskyarena.info/monster-list/
37,3,Attack,Charger Shark,Water,Aqcus,https://summonerswarskyarena.info/wp-content/uploads/2015/06/Aqcus-Water.png,https://summonerswarskyarena.info/wp-content/uploads/2015/06/Charger-Shark-Water.png,https://summonerswarskyarena.info/monster/aqcus-water-charger-shark-review/,15 10 10 5,9,https://summonerswarskyarena.info/monster-list/
38,4,Attack,Brownie Magician,Wind,Aquila,https://summonerswarskyarena.info/wp-content/uploads/2014/12/Aquila-Wind.png,https://summonerswarskyarena.info/wp-content/uploads/2014/12/Brownie-Magician-Wind.png,https://summonerswarskyarena.info/monster/aquila-wind-brownie-magician-review/,10 20 5 15,9,https://summonerswarskyarena.info/monster-list/
39,5,HP,Aragorn,Water,Aragorn,https://summonerswarskyarena.info/wp-content/uploads/2026/01/unit_icon_0206_1_1_Aragorn.png,https://summonerswarskyarena.info/wp-content/uploads/2026/01/unit_icon_0206_1_1_Aragorn.png,https://summonerswarskyarena.info/monster/aragorn-water-aragorn-review/,,10,https://summonerswarskyarena.info/monster-list/
40,5,HP,Aragorn,Fire,Aragorn,https://summonerswarskyarena.info/wp-content/uploads/2026/01/unit_icon_0206_1_2_Aragorn.png,https://summonerswarskyarena.info/wp-content/uploads/2026/01/unit_icon_0206_1_2_Aragorn.png,https://summonerswarskyarena.info/monster/aragorn-fire-aragorn-review/,,8,https://summonerswarskyarena.info/monster-list/
41,4,HP,Aragorn,Wind,Aragorn,https://summonerswarskyarena.info/wp-content/uploads/2026/01/unit_icon_0206_1_3_Aragorn.png,https://summonerswarskyarena.info/wp-content/uploads/2026/01/unit_icon_0206_1_3_Aragorn.png,https://summonerswarskyarena.info/monster/aragorn-wind-aragorn-review/,,11,https://summonerswarskyarena.info/monster-list/
42,4,HP,Aragorn,Light,Aragorn,https://summonerswarskyarena.info/wp-content/uploads/2026/01/unit_icon_0206_1_4_Aragorn.png,https://summonerswarskyarena.info/wp-content/uploads/2026/01/unit_icon_0206_1_4_Aragorn.png,https://summonerswarskyarena.info/monster/aragorn-light-aragorn-review/,,8,https://summonerswarskyarena.info/monster-list/
43,5,HP,Aragorn,Dark,Aragorn,https://summonerswarskyarena.info/wp-content/uploads/2026/01/unit_icon_0206_1_5_Aragorn.png,https://summonerswarskyarena.info/wp-content/uploads/2026/01/unit_icon_0206_1_5_Aragorn.png,https://summonerswarskyarena.info/monster/aragorn-dark-aragorn-review/,,11,https://summonerswarskyarena.info/monster-list/
44,4,Attack,Nine-tailed Fox,Wind,Arang,https://summonerswarskyarena.info/wp-content/uploads/2017/01/Arang_Icon.png,https://summonerswarskyarena.info/wp-content/uploads/2017/01/Nine-tailed_Fox_Wind_Icon.png,https://summonerswarskyarena.info/monster/arang-wind-nine-tailed-fox-review/,10 20 5 15,12,https://summonerswarskyarena.info/monster-list/
45,4,Support,Magic Order Enchantress,Light,Arcana,https://summonerswarskyarena.info/wp-content/uploads/2024/06/unit_icon_0152_1_4_arcana2.png,https://summonerswarskyarena.info/wp-content/uploads/2024/06/unit_icon_0152_0_4_arcana.png,https://summonerswarskyarena.info/monster/arcana-light-magic-order-enchantress-review/,12 15 10 15,11,https://summonerswarskyarena.info/monster-list/
46,3,Attack,Magical Archer,Wind,Ardella,https://summonerswarskyarena.info/wp-content/uploads/2016/12/Ardella_Icon.png,https://summonerswarskyarena.info/wp-content/uploads/2016/12/Magical_Archer_Wind_Icon.png,https://summonerswarskyarena.info/monster/ardella-wind-magical-archer-review/,20 5 15 5,10,https://summonerswarskyarena.info/monster-list/
47,5,Support,Justice,Light,Arella,https://summonerswarskyarena.info/wp-content/uploads/2025/12/unit_icon_0202_0_4_Arella2.png,https://summonerswarskyarena.info/wp-content/uploads/2025/12/unit_icon_0202_0_4_Arella.png,https://summonerswarskyarena.info/monster/arella-light-justice-review/,20 10 15 5,9,https://summonerswarskyarena.info/monster-list/
48,4,Attack,Vampire,Wind,Argen,https://summonerswarskyarena.info/wp-content/uploads/2017/01/Argen_Icon.png,https://summonerswarskyarena.info/wp-content/uploads/2017/01/Vampire_Wind_Icon.png,https://summonerswarskyarena.info/monster/argen-wind-vampire-review/,12 15 10 15,13,https://summonerswarskyarena.info/monster-list/
49,4,Attack,Succubus,Light,Aria,https://summonerswarskyarena.info/wp-content/uploads/2017/01/Aria_Icon.png,https://summonerswarskyarena.info/wp-content/uploads/2017/01/Succubus_Light_Icon.png,https://summonerswarskyarena.info/monster/aria-light-succubus-review/,10 20 5 15,14,https://summonerswarskyarena.info/monster-list/
50,5,Support,Pudding Princess,Light,Ariana,https://summonerswarskyarena.info/wp-content/uploads/2023/07/unit_icon_0099_1_4.png,https://summonerswarskyarena.info/wp-content/uploads/2023/07/unit_icon_0099_0_4.png,https://summonerswarskyarena.info/monster/ariana-light-pudding-princess-review/,5 15 10 20,11,https://summonerswarskyarena.info/monster-list/
51,5,Support,Archangel,Water,Ariel,https://summonerswarskyarena.info/wp-content/uploads/2017/02/Ariel_Icon.png,https://summonerswarskyarena.info/wp-content/uploads/2017/02/Archangel_Water_Icon.png,https://summonerswarskyarena.info/monster/ariel-water-archangel-review/,20 10 15 5,9,https://summonerswarskyarena.info/monster-list/
52,2,Defense,Yeti,Light,Arkajan,https://summonerswarskyarena.info/wp-content/uploads/2018/06/Arkajan_Icon.png,https://summonerswarskyarena.info/wp-content/uploads/2017/03/unit_icon_0001_3_1.png,https://summonerswarskyarena.info/monster/arkajan-light-yeti-review/,1 15 20,12,https://summonerswarskyarena.info/monster-list/
53,4,HP,Death Knight,Fire,Arnold,https://summonerswarskyarena.info/wp-content/uploads/2017/01/Arnold_Icon.png,https://summonerswarskyarena.info/wp-content/uploads/2017/01/Death_Knight_Fire_Icon.png,https://summonerswarskyarena.info/monster/arnold-fire-death-knight/,10 20 5 15,12,https://summonerswarskyarena.info/monster-list/
54,5,Support,Archangel,Light,Artamiel,https://summonerswarskyarena.info/wp-content/uploads/2017/02/Artamiel_Icon.png,https://summonerswarskyarena.info/wp-content/uploads/2017/02/Archangel_Light_Icon.png,https://summonerswarskyarena.info/monster/artamiel-light-archangel-review/,20 10 15 5,6,https://summonerswarskyarena.info/monster-list/
55,4,Attack,Centaur Knight,Dark,Asbolus,https://summonerswarskyarena.info/wp-content/uploads/2025/10/unit_icon_0193_1_5_Asbolus_2.png,https://summonerswarskyarena.info/wp-content/uploads/2025/10/unit_icon_0193_0_5_Asbolus.png,https://summonerswarskyarena.info/monster/asbolus-dark-centaur-knight-review/,5 15 10 20,12,https://summonerswarskyarena.info/monster-list/
56,4,Attack,Sylph,Dark,Aschubel,https://summonerswarskyarena.info/wp-content/uploads/2017/01/Aschubel_Icon.png,https://summonerswarskyarena.info/wp-content/uploads/2017/01/Sylph_Dark_Icon.png,https://summonerswarskyarena.info/monster/aschubel-dark-sylph-review/,10 20 5 15,8,https://summonerswarskyarena.info/monster-list/
57,5,HP,Desert Warrior,Fire,Ashour,https://summonerswarskyarena.info/wp-content/uploads/2023/07/unit_icon_0115_1_2.png,https://summonerswarskyarena.info/wp-content/uploads/2023/07/unit_icon_0115_0_2.png,https://summonerswarskyarena.info/monster/ashour-fire-desert-warrior-review/,15 10 15 12,13,https://summonerswarskyarena.info/monster-list/
58,5,Attack,Hell Lady,Light,Asima,https://summonerswarskyarena.info/wp-content/uploads/2014/12/Asima-Light.png,https://summonerswarskyarena.info/wp-content/uploads/2014/12/Hell-Lady-Light.png,https://summonerswarskyarena.info/monster/asima-light-hell-lady-review/,20 10 15 5,11,https://summonerswarskyarena.info/monster-list/
59,4,Attack,Magic Knight,Fire,Astar,https://summonerswarskyarena.info/wp-content/uploads/2015/07/Astar-Fire.png,https://summonerswarskyarena.info/wp-content/uploads/2015/07/Magic-Knight-Fire.png,https://summonerswarskyarena.info/monster/astar-fire-magic-knight/,10 20 5 15,9,https://summonerswarskyarena.info/monster-list/
60,4,Support,Mercenary Queen,Wind,Astrid,https://summonerswarskyarena.info/wp-content/uploads/2023/07/unit_icon_0117_1_3.png,https://summonerswarskyarena.info/wp-content/uploads/2023/07/unit_icon_0117_0_3.png,https://summonerswarskyarena.info/monster/astrid-wind-mercenary-queen-review/,15 10 15 12,13,https://summonerswarskyarena.info/monster-list/
61,4,Support,Undine,Fire,Atenai,https://summonerswarskyarena.info/wp-content/uploads/2018/06/Atenai_Icon.png,https://summonerswarskyarena.info/wp-content/uploads/2018/06/Undine_Fire_Icon.png,https://summonerswarskyarena.info/monster/atenai-fire-undine-review/,10 20 5 15,11,https://summonerswarskyarena.info/monster-list/
62,5,Defense,Macaron Guard,Light,Audrey,https://summonerswarskyarena.info/wp-content/uploads/2023/07/unit_icon_0097_1_4.png,https://summonerswarskyarena.info/wp-content/uploads/2023/07/unit_icon_0097_0_4.png,https://summonerswarskyarena.info/monster/audrey-light-macaron-guard-review/,5 15 10 20,10,https://summonerswarskyarena.info/monster-list/
63,4,Support,Gladiatrix,Light,Aurelia,https://summonerswarskyarena.info/wp-content/uploads/2023/07/unit_icon_0116_1_4.png,https://summonerswarskyarena.info/wp-content/uploads/2023/07/unit_icon_0116_0_4.png,https://summonerswarskyarena.info/monster/aurelia-light-gladiatrix-review/,15 10 15 12,12,https://summonerswarskyarena.info/monster-list/
64,4,Attack,Anubis,Water,Avaris,https://summonerswarskyarena.info/wp-content/uploads/2015/10/Avaris-Water.png,https://summonerswarskyarena.info/wp-content/uploads/2015/10/Anubis-Water.png,https://summonerswarskyarena.info/monster/avaris-water-anubis-review/,12 15 7 15,9,https://summonerswarskyarena.info/monster-list/
65,5,HP,Exorcist Association Hunter,Wind,Aya,https://summonerswarskyarena.info/wp-content/uploads/2024/11/unit_icon_0164_1_3_aya.png,https://summonerswarskyarena.info/wp-content/uploads/2024/11/unit_icon_0164_1_3_aya.png,https://summonerswarskyarena.info/monster/aya-wind-exorcist-association-hunter-review/,,10,https://summonerswarskyarena.info/monster-list/
66,4,Attack,Azure Dragon Swordsman,Water,Azure Dragon Swordsman,https://summonerswarskyarena.info/wp-content/uploads/2025/05/unit_icon_0179_1_1_Azure-Dragon-SwordsmanWa.png,https://summonerswarskyarena.info/wp-content/uploads/2025/05/unit_icon_0179_1_1_Azure-Dragon-SwordsmanWa.png,https://summonerswarskyarena.info/monster/azure-dragon-swordsman-water-azure-dragon-swordsman-review/,,11,https://summonerswarskyarena.info/monster-list/
67,5,Attack,Azure Dragon Swordsman,Fire,Azure Dragon Swordsman,https://summonerswarskyarena.info/wp-content/uploads/2025/05/unit_icon_0179_1_1_Azure-Dragon-SwordsmanF.png,https://summonerswarskyarena.info/wp-content/uploads/2025/05/unit_icon_0179_1_1_Azure-Dragon-SwordsmanF.png,https://summonerswarskyarena.info/monster/azure-dragon-swordsman-fire-azure-dragon-swordsman-review/,,10,https://summonerswarskyarena.info/monster-list/
68,5,Attack,Azure Dragon Swordsman,Wind,Azure Dragon Swordsman,https://summonerswarskyarena.info/wp-content/uploads/2025/05/unit_icon_0179_1_1_Azure-Dragon-SwordsmanWi.png,https://summonerswarskyarena.info/wp-content/uploads/2025/05/unit_icon_0179_1_1_Azure-Dragon-SwordsmanWi.png,https://summonerswarskyarena.info/monster/azure-dragon-swordsman-wind-azure-dragon-swordsman-review/,,10,https://summonerswarskyarena.info/monster-list/
69,5,Attack,Azure Dragon Swordsman,Light,Azure Dragon Swordsman,https://summonerswarskyarena.info/wp-content/uploads/2025/05/unit_icon_0179_1_1_Azure-Dragon-SwordsmanL.png,https://summonerswarskyarena.info/wp-content/uploads/2025/05/unit_icon_0179_1_1_Azure-Dragon-SwordsmanL.png,https://summonerswarskyarena.info/monster/azure-dragon-swordsman-light-azure-dragon-swordsman-review/,,10,https://summonerswarskyarena.info/monster-list/
70,4,Attack,Azure Dragon Swordsman,Dark,Azure Dragon Swordsman,https://summonerswarskyarena.info/wp-content/uploads/2025/05/unit_icon_0179_1_1_Azure-Dragon-SwordsmanD.png,https://summonerswarskyarena.info/wp-content/uploads/2025/05/unit_icon_0179_1_1_Azure-Dragon-SwordsmanD.png,https://summonerswarskyarena.info/monster/azure-dragon-swordsman-dark-azure-dragon-swordsman-review/,,11,https://summonerswarskyarena.info/monster-list/
71,3,Attack,Beast Hunter,Light,Baekdu,https://summonerswarskyarena.info/wp-content/uploads/2017/01/Baekdu_Icon.png,https://summonerswarskyarena.info/wp-content/uploads/2017/01/Beast_Hunter_Light_Icon.png,https://summonerswarskyarena.info/monster/baekdu-light-beast-hunter-review/,15 10 10 5,13,https://summonerswarskyarena.info/monster-list/
72,5,Attack,Demon,Fire,Bael,https://summonerswarskyarena.info/wp-content/uploads/2019/08/bael.png,https://summonerswarskyarena.info/wp-content/uploads/2019/08/fire-demon.png,https://summonerswarskyarena.info/monster/bael-fire-demon-review/,5 15 10 20,13,https://summonerswarskyarena.info/monster-list/
73,3,Defense,Giant Warrior,Water,Bagir,https://summonerswarskyarena.info/wp-content/uploads/2018/10/Bagir_Icon.png,https://summonerswarskyarena.info/wp-content/uploads/2018/10/Giant_Warror_Water_Icon.png,https://summonerswarskyarena.info/monster/bagir-water-giant-warrior-review/,20 5 15 5,14,https://summonerswarskyarena.info/monster-list/
74,4,Attack,Boomerang Warrior,Light,Bailey,https://summonerswarskyarena.info/wp-content/uploads/2018/03/bailey.png,https://summonerswarskyarena.info/wp-content/uploads/2018/03/light-boomerang-warrior.png,https://summonerswarskyarena.info/monster/bailey-light-boomerang-warrior-review/,15 5 20 10,11,https://summonerswarskyarena.info/monster-list/
75,5,Attack,Lightning Emperor,Fire,Baleygr,https://summonerswarskyarena.info/wp-content/uploads/2018/10/Baleygr_Icon.png,https://summonerswarskyarena.info/wp-content/uploads/2018/10/Lightning_Emperor_Fire_Icon.png,https://summonerswarskyarena.info/monster/baleygr-fire-lightning-emperor-review/,20 10 15 5,11,https://summonerswarskyarena.info/monster-list/
76,5,Attack,Beast Rider,Water,Barbara,https://summonerswarskyarena.info/wp-content/uploads/2019/12/unit_icon_0054_0_0.png,https://summonerswarskyarena.info/wp-content/uploads/2019/12/unit_icon_0053_0_4.png,https://summonerswarskyarena.info/monster/barbara-water-beast-rider-review/,5 15 10 20,13,https://summonerswarskyarena.info/monster-list/
77,4,Attack,Sylph,Fire,Baretta,https://summonerswarskyarena.info/wp-content/uploads/2017/01/Baretta_Icon.png,https://summonerswarskyarena.info/wp-content/uploads/2017/01/Sylph_Fire_Icon.png,https://summonerswarskyarena.info/monster/baretta-fire-sylph-review/,10 20 5 15,10,https://summonerswarskyarena.info/monster-list/
78,4,Attack,Pirate Captain,Wind,Barque,https://summonerswarskyarena.info/wp-content/uploads/2015/06/Barque-Wind.png,https://summonerswarskyarena.info/wp-content/uploads/2015/06/Pirate-Captain-Wind.png,https://summonerswarskyarena.info/monster/barque-wind-pirate-captain-review/,10 20 5 15,10,https://summonerswarskyarena.info/monster-list/
79,3,Defense,Battle Mammoth,Dark,Basalt,https://summonerswarskyarena.info/wp-content/uploads/2015/03/Basalt-Dark.png,https://summonerswarskyarena.info/wp-content/uploads/2015/03/Battle-Mammoth-Dark.png,https://summonerswarskyarena.info/monster/basalt-dark-battle-mammoth-review/,15 10 10 5,13,https://summonerswarskyarena.info/monster-list/
80,5,Support,Desert Queen,Water,Bastet,https://summonerswarskyarena.info/wp-content/uploads/2015/10/Bastet-Water.png,https://summonerswarskyarena.info/wp-content/uploads/2015/10/Desert-Queen-Water.png,https://summonerswarskyarena.info/monster/bastet-water-desert-queen-review/,20 10 15 5,12,https://summonerswarskyarena.info/monster-list/
81,5,HP,Bayek,Fire,Bayek,https://summonerswarskyarena.info/wp-content/uploads/2023/07/unit_icon_0110_1_2.png,https://summonerswarskyarena.info/wp-content/uploads/2023/07/unit_icon_0110_1_2.png,https://summonerswarskyarena.info/monster/bayek-fire-bayek-review/,,13,https://summonerswarskyarena.info/monster-list/
82,4,Support,Bayek,Water,Bayek,https://summonerswarskyarena.info/wp-content/uploads/2023/07/unit_icon_0110_1_1.png,https://summonerswarskyarena.info/wp-content/uploads/2023/07/unit_icon_0110_1_1.png,https://summonerswarskyarena.info/monster/bayek-water-bayek-review/,,13,https://summonerswarskyarena.info/monster-list/
83,5,HP,Bayek,Wind,Bayek,https://summonerswarskyarena.info/wp-content/uploads/2023/07/unit_icon_0110_1_3.png,https://summonerswarskyarena.info/wp-content/uploads/2023/07/unit_icon_0110_1_3.png,https://summonerswarskyarena.info/monster/bayek-wind-bayek-review/,,11,https://summonerswarskyarena.info/monster-list/
84,4,HP,Bayek,Light,Bayek,https://summonerswarskyarena.info/wp-content/uploads/2023/07/unit_icon_0110_1_4.png,https://summonerswarskyarena.info/wp-content/uploads/2023/07/unit_icon_0110_1_4.png,https://summonerswarskyarena.info/monster/bayek-light-bayek-review/,,13,https://summonerswarskyarena.info/monster-list/
85,5,Support,Bayek,Dark,Bayek,https://summonerswarskyarena.info/wp-content/uploads/2023/07/unit_icon_0110_1_5.png,https://summonerswarskyarena.info/wp-content/uploads/2023/07/unit_icon_0110_1_5.png,https://summonerswarskyarena.info/monster/bayek-dark-bayek-review/,,12,https://summonerswarskyarena.info/monster-list/
86,5,Attack,Demon,Dark,Beelzebub,https://summonerswarskyarena.info/wp-content/uploads/2019/08/beelzebub.png,https://summonerswarskyarena.info/wp-content/uploads/2019/08/dark-demon.png,https://summonerswarskyarena.info/monster/beelzebub-dark-demon-review/,5 15 10 20,10,https://summonerswarskyarena.info/monster-list/
87,5,Attack,Demon,Water,Belial,https://summonerswarskyarena.info/wp-content/uploads/2019/08/belial.png,https://summonerswarskyarena.info/wp-content/uploads/2019/08/water-demon.png,https://summonerswarskyarena.info/monster/belial-water-demon-review/,5 15 10 20,10,https://summonerswarskyarena.info/monster-list/
88,4,Attack,Chakram Dancer,Dark,Belita,https://summonerswarskyarena.info/wp-content/uploads/2018/03/belita.png,https://summonerswarskyarena.info/wp-content/uploads/2018/03/dark-chakram-dancer.png,https://summonerswarskyarena.info/monster/belita-light-chakram-review/,15 5 20 10,10,https://summonerswarskyarena.info/monster-list/
89,5,Attack,Cannon Girl,Dark,Bella,https://summonerswarskyarena.info/wp-content/uploads/2019/02/bella.png,https://summonerswarskyarena.info/wp-content/uploads/2019/02/dark-cannon-girl.png,https://summonerswarskyarena.info/monster/bella-dark-cannon-girl-review/,15 12 15 10,8,https://summonerswarskyarena.info/monster-list/
90,3,Defense,Inugami,Light,Belladeon,https://summonerswarskyarena.info/wp-content/uploads/2017/08/belladeon.png,https://summonerswarskyarena.info/wp-content/uploads/2018/06/Inugami_Light_Icon.png,https://summonerswarskyarena.info/monster/belladeon-light-inugami/,15 10 10 5,10,https://summonerswarskyarena.info/monster-list/
91,5,Defense,Druid,Fire,Bellenus,https://summonerswarskyarena.info/wp-content/uploads/2018/09/bellenus.png,https://summonerswarskyarena.info/wp-content/uploads/2018/09/fire-druid.png,https://summonerswarskyarena.info/monster/bellenus-fire-druid-review/,10 20 15 5,14,https://summonerswarskyarena.info/monster-list/
92,5,Attack,Weapon Master,Light,Benedict,https://summonerswarskyarena.info/wp-content/uploads/2022/01/unit_icon_0080_1_4.png,https://summonerswarskyarena.info/wp-content/uploads/2022/01/unit_icon_0080_0_4.png,https://summonerswarskyarena.info/monster/benedict-light-weapon-master-review/,5 15 10 20,12,https://summonerswarskyarena.info/monster-list/
93,4,Support,Blade Dancer,Fire,Berenice,https://summonerswarskyarena.info/wp-content/uploads/2020/11/berenice.png,https://summonerswarskyarena.info/wp-content/uploads/2020/11/fire-blade-dancer.png,https://summonerswarskyarena.info/monster/berenice-fire-blade-dancer-review/,15 5 20 10,11,https://summonerswarskyarena.info/monster-list/
94,5,Attack,Mercenary Queen,Light,Berghild,https://summonerswarskyarena.info/wp-content/uploads/2023/07/unit_icon_0117_1_4.png,https://summonerswarskyarena.info/wp-content/uploads/2023/07/unit_icon_0117_0_4.png,https://summonerswarskyarena.info/monster/berghild-light-mercenary-queen-review/,15 10 15 13,11,https://summonerswarskyarena.info/monster-list/
95,4,Attack,Kobold Bomber,Dark,Bering,https://summonerswarskyarena.info/wp-content/uploads/2014/12/Bering-Dark.png,https://summonerswarskyarena.info/wp-content/uploads/2014/12/Kobold-Bomber-Dark.png,https://summonerswarskyarena.info/monster/bering-dark-kobold-bomber-review/,10 20 5 15,11,https://summonerswarskyarena.info/monster-list/
96,5,Attack,Shadow Claw,Fire,Bernadotte,https://summonerswarskyarena.info/wp-content/uploads/2020/11/bernadotte.png,https://summonerswarskyarena.info/wp-content/uploads/2020/11/fire-shadow-claw.png,https://summonerswarskyarena.info/monster/bernadotte-fire-shadow-claw-review/,5 15 10 20,11,https://summonerswarskyarena.info/monster-list/
97,3,Support,Griffon,Wind,Bernard,https://summonerswarskyarena.info/wp-content/uploads/2016/12/Bernard_Icon.png,https://summonerswarskyarena.info/wp-content/uploads/2016/12/Griffon_Wind_Icon.png,https://summonerswarskyarena.info/monster/bernard-wind-griffon/,15 10 10 5,10,https://summonerswarskyarena.info/monster-list/
98,5,Attack,Hell Lady,Water,Beth,https://summonerswarskyarena.info/wp-content/uploads/2014/12/Beth-Water.png,https://summonerswarskyarena.info/wp-content/uploads/2014/12/Hell-Lady-Water.png,https://summonerswarskyarena.info/monster/beth-water-hell-lady-review/,20 10 15 5,12,https://summonerswarskyarena.info/monster-list/
99,4,Attack,Magical Archer,Dark,Bethony,https://summonerswarskyarena.info/wp-content/uploads/2017/01/Bethony_Icon.png,https://summonerswarskyarena.info/wp-content/uploads/2017/01/Magical_Archer_Dark_Icon.png,https://summonerswarskyarena.info/monster/bethony-dark-magical-archer-review/,20 5 15 5,14,https://summonerswarskyarena.info/monster-list/
100,4,Support,Mermaid,Dark,Betta,https://summonerswarskyarena.info/wp-content/uploads/2015/06/Betta-Dark.png,https://summonerswarskyarena.info/wp-content/uploads/2015/06/Mermaid-Dark.png,https://summonerswarskyarena.info/monster/betta-dark-mermaid-review/,10 20 5 15,11,https://summonerswarskyarena.info/monster-list/
101,4,HP,Hypnomeow,Water,Birman,https://summonerswarskyarena.info/wp-content/uploads/2022/05/unit_icon_0085_1_1.png,https://summonerswarskyarena.info/wp-content/uploads/2022/05/unit_icon_0085_0_1.png,https://summonerswarskyarena.info/monster/birman-water-hypnomeow-review/,15 5 20 10,8,https://summonerswarskyarena.info/monster-list/
102,5,Defense,Black Tortoise Champion,Wind,Black Tortoise Champion,https://summonerswarskyarena.info/wp-content/uploads/2025/05/unit_icon_0183_1_3_Black-Tortoise-Champion.png,https://summonerswarskyarena.info/wp-content/uploads/2025/05/unit_icon_0183_1_3_Black-Tortoise-Champion.png,https://summonerswarskyarena.info/monster/black-tortoise-champion-wind-black-tortoise-champion-review/,,11,https://summonerswarskyarena.info/monster-list/
103,5,Attack,Devil Maiden,Fire,Bloodya,https://summonerswarskyarena.info/wp-content/uploads/2023/08/unit_icon_0127_1_2.png,https://summonerswarskyarena.info/wp-content/uploads/2023/08/unit_icon_0127_0_2.png,https://summonerswarskyarena.info/monster/bloodya-fire-devil-maiden-review/,20 10 15 5,13,https://summonerswarskyarena.info/monster-list/
104,5,HP,Lightning Emperor,Water,Bolverk,https://summonerswarskyarena.info/wp-content/uploads/2018/10/Bolverk_Icon.png,https://summonerswarskyarena.info/wp-content/uploads/2018/10/Lightning_Emperor_Water_Icon.png,https://summonerswarskyarena.info/monster/bolverk-water-lightning-emperor-review/,20 10 15 5,8,https://summonerswarskyarena.info/monster-list/
105,4,HP,Hypnomeow,Dark,Bombay,https://summonerswarskyarena.info/wp-content/uploads/2022/05/unit_icon_0085_1_5.png,https://summonerswarskyarena.info/wp-content/uploads/2022/05/unit_icon_0085_0_5.png,https://summonerswarskyarena.info/monster/bombay-dark-hypnomeow-review/,15 5 20 10,8,https://summonerswarskyarena.info/monster-list/
106,5,HP,Slayer,Water,Borgnine,https://summonerswarskyarena.info/wp-content/uploads/2020/11/borgnine.png,https://summonerswarskyarena.info/wp-content/uploads/2020/11/water-slayer.png,https://summonerswarskyarena.info/monster/borgnine-water-slayer-review/,5 15 10 20,10,https://summonerswarskyarena.info/monster-list/
107,5,Attack,Polar Queen,Fire,Brandia,https://summonerswarskyarena.info/wp-content/uploads/2015/03/Brandia-Fire.png,https://summonerswarskyarena.info/wp-content/uploads/2015/03/Polar-Queen-Fire.png,https://summonerswarskyarena.info/monster/brandia-fire-polar-queen-review/,20 10 15 5,13,https://summonerswarskyarena.info/monster-list/
108,2,Attack,Elemental,Fire,Bremis,https://summonerswarskyarena.info/wp-content/uploads/2018/06/Bremis_Icon.png,https://summonerswarskyarena.info/wp-content/uploads/2018/06/Elemental_Fire_Icon.png,https://summonerswarskyarena.info/monster/bremis-fire-elemental-review/,5 15 5 10,11,https://summonerswarskyarena.info/monster-list/
109,4,HP,Death Knight,Wind,Briand,https://summonerswarskyarena.info/wp-content/uploads/2017/01/Briand_Icon.png,https://summonerswarskyarena.info/wp-content/uploads/2017/01/Death_Knight_Wind_Icon.png,https://summonerswarskyarena.info/monster/briand-wind-death-knight-review/,10 20 5 15,13,https://summonerswarskyarena.info/monster-list/
110,4,Attack,Pirate Captain,Light,Brig,https://summonerswarskyarena.info/wp-content/uploads/2015/06/Brig-Light.png,https://summonerswarskyarena.info/wp-content/uploads/2015/06/Pirate-Captain-Light.png,https://summonerswarskyarena.info/monster/brig-light-pirate-captain-review/,10 20 5 15,14,https://summonerswarskyarena.info/monster-list/
111,5,Attack,Magic Order Swordsinger,Light,Brigitta,https://summonerswarskyarena.info/wp-content/uploads/2024/06/unit_icon_0151_1_4_brigitta2.png,https://summonerswarskyarena.info/wp-content/uploads/2024/06/unit_icon_0151_0_4_brigitta.png,https://summonerswarskyarena.info/monster/brigitta-light-magic-order-swordsinger-review/,12 15 10 15,12,https://summonerswarskyarena.info/monster-list/
112,5,Support,Mercenary Queen,Water,Brita,https://summonerswarskyarena.info/wp-content/uploads/2023/07/unit_icon_0117_1_1.png,https://summonerswarskyarena.info/wp-content/uploads/2023/07/unit_icon_0117_0_1.png,https://summonerswarskyarena.info/monster/brita-water-mercenary-queen-review/,15 10 15 12,12,https://summonerswarskyarena.info/monster-list/
113,3,HP,Frankenstein,Fire,Bulldozer,https://summonerswarskyarena.info/wp-content/uploads/2015/10/Bulldozer-Fire.png,https://summonerswarskyarena.info/wp-content/uploads/2015/10/Frankenstein-Fire.png,https://summonerswarskyarena.info/monster/bulldozer-fire-frankenstein-review/,15 10 10 5,14,https://summonerswarskyarena.info/monster-list/
114,3,HP,Minotauros,Fire,Burentau,https://summonerswarskyarena.info/wp-content/uploads/2014/10/Burentau-Fire.png,https://summonerswarskyarena.info/wp-content/uploads/2014/10/Minotauros-Fire.png,https://summonerswarskyarena.info/monster/burentau-fire-minotauros-review/,15 10 10 5,13,https://summonerswarskyarena.info/monster-list/
115,5,HP,Dokkaebi Lord,Wind,Byungchul,https://summonerswarskyarena.info/wp-content/uploads/2023/10/unit_icon_0133_1_3.png,https://summonerswarskyarena.info/wp-content/uploads/2023/10/unit_icon_0133_0_3.png,https://summonerswarskyarena.info/monster/byungchul-wind-dokkaebi-lord-review/,5 15 10 20,11,https://summonerswarskyarena.info/monster-list/
116,5,Attack,Vampire,Dark,Cadiz,https://summonerswarskyarena.info/wp-content/uploads/2017/02/Cadiz_Icon.png,https://summonerswarskyarena.info/wp-content/uploads/2017/02/Vampire_Dark_Icon.png,https://summonerswarskyarena.info/monster/cadiz-dark-vampire-review/,12 15 10 15,9,https://summonerswarskyarena.info/monster-list/
117,2,Support,Garuda,Fire,Cahule,https://summonerswarskyarena.info/wp-content/uploads/2018/06/Cahule_Icon.png,https://summonerswarskyarena.info/wp-content/uploads/2018/06/Garuda_Fire_Icon.png,https://summonerswarskyarena.info/monster/cahule-fire-garuda-review/,2 15 15,15,https://summonerswarskyarena.info/monster-list/
118,3,Attack,Charger Shark,Dark,Calicus,https://summonerswarskyarena.info/wp-content/uploads/2015/06/Calicus-Dark.png,https://summonerswarskyarena.info/wp-content/uploads/2015/06/Charger-Shark-Dark.png,https://summonerswarskyarena.info/monster/calicus-dark-charger-shark-review/,15 10 10 5,14,https://summonerswarskyarena.info/monster-list/
119,2,Attack,Pixie,Dark,Camaryn,https://summonerswarskyarena.info/wp-content/uploads/2016/07/Camaryn-Dark.png,https://summonerswarskyarena.info/wp-content/uploads/2016/07/Pixie-Dark.png,https://summonerswarskyarena.info/monster/camaryn-dark-pixie-review/,20 15,16,https://summonerswarskyarena.info/monster-list/
120,5,HP,Valkyrja,Water,Camilla,https://summonerswarskyarena.info/wp-content/uploads/2017/03/unit_icon_0014_0_2-1.png,https://summonerswarskyarena.info/wp-content/uploads/2017/02/Valkyrja_Water_Icon.png,https://summonerswarskyarena.info/monster/camilla-water-valkyrja/,20 10 15 5,7,https://summonerswarskyarena.info/monster-list/
121,3,Attack,Elemental,Dark,Camules,https://summonerswarskyarena.info/wp-content/uploads/2018/06/Camules_Icon.png,https://summonerswarskyarena.info/wp-content/uploads/2018/06/Elemental_Dark_Icon.png,https://summonerswarskyarena.info/monster/camules-dark-elemental-review/,5 15 5 10,10,https://summonerswarskyarena.info/monster-list/
122,4,Attack,Sniper Mk.I,Wind,Carbine,https://summonerswarskyarena.info/wp-content/uploads/2019/02/carbine.png,https://summonerswarskyarena.info/wp-content/uploads/2019/02/wind-sniper-mk-i.png,https://summonerswarskyarena.info/monster/carbine-wind-sniper-mk-i-review/,15 5 20 10,9,https://summonerswarskyarena.info/monster-list/
123,4,Attack,Sniper Mk.I,Fire,Carcano,https://summonerswarskyarena.info/wp-content/uploads/2019/02/carcano.png,https://summonerswarskyarena.info/wp-content/uploads/2019/02/fire-sniper-mk-i.png,https://summonerswarskyarena.info/monster/carcano-fire-sniper-mk-i-review/,15 5 20 10,9,https://summonerswarskyarena.info/monster-list/
124,5,Attack,Weapon Master,Fire,Carlos,https://summonerswarskyarena.info/wp-content/uploads/2022/01/unit_icon_0080_1_2.png,https://summonerswarskyarena.info/wp-content/uploads/2022/01/unit_icon_0080_0_2.png,https://summonerswarskyarena.info/monster/carlos-fire-weapon-master-review/,5 15 10 20,10,https://summonerswarskyarena.info/monster-list/
125,4,Attack,Cyborg,Fire,Carmella,https://summonerswarskyarena.info/wp-content/uploads/2024/04/unit_icon_0145_0_2.png,https://summonerswarskyarena.info/wp-content/uploads/2024/04/unit_icon_0145_0_2.png,https://summonerswarskyarena.info/monster/carmella-fire-cyborg-review/,10 20 5 15,11,https://summonerswarskyarena.info/monster-list/
126,4,Attack,Pirate Captain,Fire,Carrack,https://summonerswarskyarena.info/wp-content/uploads/2015/06/Carrack-Fire.png,https://summonerswarskyarena.info/wp-content/uploads/2015/06/Pirate-Captain-Fire.png,https://summonerswarskyarena.info/monster/carrack-fire-pirate-captain-review/,10 20 5 15,14,https://summonerswarskyarena.info/monster-list/
127,3,Attack,Cow Girl,Dark,Cassie,https://summonerswarskyarena.info/wp-content/uploads/2015/03/Cassie-Dark.png,https://summonerswarskyarena.info/wp-content/uploads/2015/03/Cow-Girl-Dark.png,https://summonerswarskyarena.info/monster/cassie-dark-cow-girl-review/,15 10 10 5,13,https://summonerswarskyarena.info/monster-list/
128,4,Defense,Poison Master,Dark,Cayde,https://summonerswarskyarena.info/wp-content/uploads/2020/12/cayde.png,https://summonerswarskyarena.info/wp-content/uploads/2020/12/dark-poison-master.png,https://summonerswarskyarena.info/monster/cayde-dark-poison-master-review/,15 5 20 10,10,https://summonerswarskyarena.info/monster-list/
129,5,Attack,Arcane Weapon,Water,Cecilia,https://summonerswarskyarena.info/wp-content/uploads/2025/10/unit_icon_0192_1_1_Cecilia_2.png,https://summonerswarskyarena.info/wp-content/uploads/2025/10/unit_icon_0192_0_1_Cecilia.png,https://summonerswarskyarena.info/monster/cecilia-water-arcane-weapon-review/,5 15 10 20,12,https://summonerswarskyarena.info/monster-list/
130,5,Attack,Magic Order Elementalist,Dark,Celestara,https://summonerswarskyarena.info/wp-content/uploads/2024/06/unit_icon_0153_1_5_celestara2.png,https://summonerswarskyarena.info/wp-content/uploads/2024/06/unit_icon_0153_0_5_celestara.png,https://summonerswarskyarena.info/monster/celestara-dark-magic-order-elementalist-review/,12 15 10 15,12,https://summonerswarskyarena.info/monster-list/
131,5,Support,Harp Magician,Light,Celia,https://summonerswarskyarena.info/wp-content/uploads/2017/02/Celia_Icon.png,https://summonerswarskyarena.info/wp-content/uploads/2017/02/Harp_Magician_Light_Icon.png,https://summonerswarskyarena.info/monster/celia-light-harp-magician-review/,12 15 10 15,10,https://summonerswarskyarena.info/monster-list/
132,4,Support,Rune Blacksmith,Wind,Celine,https://summonerswarskyarena.info/wp-content/uploads/2022/01/unit_icon_0081_1_3.png,https://summonerswarskyarena.info/wp-content/uploads/2022/01/unit_icon_0081_0_3.png,https://summonerswarskyarena.info/monster/celine-rune-blacksmith-review/,15 5 20 10,9,https://summonerswarskyarena.info/monster-list/
133,3,Attack,Amazon,Fire,Ceres,https://summonerswarskyarena.info/wp-content/uploads/2016/12/Ceres_Icon.png,https://summonerswarskyarena.info/wp-content/uploads/2016/12/Amazon_Fire_Icon.png,https://summonerswarskyarena.info/monster/ceres-fire-amazon-review/,15 10 10 5,14,https://summonerswarskyarena.info/monster-list/
134,2,Support,Howl,Dark,Chacha,https://summonerswarskyarena.info/wp-content/uploads/2016/08/Chacha-Dark.png,https://summonerswarskyarena.info/wp-content/uploads/2016/08/Howl-Dark.png,https://summonerswarskyarena.info/monster/chacha-dark-howl-review/,20 15,11,https://summonerswarskyarena.info/monster-list/
135,5,Attack,Indra,Wind,Chakra,https://summonerswarskyarena.info/wp-content/uploads/2023/07/unit_icon_0118_1_3.png,https://summonerswarskyarena.info/wp-content/uploads/2023/07/unit_icon_0118_0_3.png,https://summonerswarskyarena.info/monster/chakra-wind-indra-review/,5 15 10 20,11,https://summonerswarskyarena.info/monster-list/
136,4,Attack,Nine-tailed Fox,Light,Chamie,https://summonerswarskyarena.info/wp-content/uploads/2017/01/Chamie_Icon.png,https://summonerswarskyarena.info/wp-content/uploads/2017/01/Nine-tailed_Fox_Light_Icon.png,https://summonerswarskyarena.info/monster/chamie-light-nine-tailed-fox-review/,10 20 5 15,12,https://summonerswarskyarena.info/monster-list/
137,4,Attack,Black Tea Bunny,Wind,Chamomile,https://summonerswarskyarena.info/wp-content/uploads/2023/07/unit_icon_0100_1_3.png,https://summonerswarskyarena.info/wp-content/uploads/2023/07/unit_icon_0100_0_3.png,https://summonerswarskyarena.info/monster/chamomile-wind-black-tea-bunny-review/,15 5 20 10,10,https://summonerswarskyarena.info/monster-list/
138,5,HP,Beast Monk,Water,Chandra,https://summonerswarskyarena.info/wp-content/uploads/2014/10/Chandra-Water.png,https://summonerswarskyarena.info/wp-content/uploads/2014/10/Beast-Monk-Water.png,https://summonerswarskyarena.info/monster/chandra-water-beast-monk-review/,20 10 15 5,11,https://summonerswarskyarena.info/monster-list/
139,5,Attack,Occult Girl,Wind,Charlotte,https://summonerswarskyarena.info/wp-content/uploads/2017/02/Charlotte_Icon.png,https://summonerswarskyarena.info/wp-content/uploads/2017/02/Occult_Girl_Wind_Icon.png,https://summonerswarskyarena.info/monster/charlotte-wind-occult-girl-review/,20 10 15 5,13,https://summonerswarskyarena.info/monster-list/
140,4,Support,Sky Dancer,Wind,Chasun,https://summonerswarskyarena.info/wp-content/uploads/2015/01/chasun.png,https://summonerswarskyarena.info/wp-content/uploads/2015/01/sky-dancer-wind.png,https://summonerswarskyarena.info/monster/chasun-wind-sky-dancer-review/,12 15 10 15,10,https://summonerswarskyarena.info/monster-list/
141,5,Attack,Art Master,Wind,Cheongpung,https://summonerswarskyarena.info/wp-content/uploads/2020/06/cheongpung.png,https://summonerswarskyarena.info/wp-content/uploads/2020/06/wind-art-master.png,https://summonerswarskyarena.info/monster/cheongpung-wind-art-master-review/,5 15 10 20,13,https://summonerswarskyarena.info/monster-list/
142,2,Support,Pixie,Light,Cheryl,https://summonerswarskyarena.info/wp-content/uploads/2016/07/Cheryl-Light.png,https://summonerswarskyarena.info/wp-content/uploads/2016/07/Pixie-Light.png,https://summonerswarskyarena.info/monster/cheryl-light-pixie-review/,20 15,14,https://summonerswarskyarena.info/monster-list/
143,2,Support,Howl,Wind,Chichi,https://summonerswarskyarena.info/wp-content/uploads/2016/08/Chichi-Wind.png,https://summonerswarskyarena.info/wp-content/uploads/2016/08/Howl-Wind.png,https://summonerswarskyarena.info/monster/chichi-wind-howl-review/,20 15,11,https://summonerswarskyarena.info/monster-list/
144,4,Attack,Jack-o’-lantern,Water,Chilling,https://summonerswarskyarena.info/wp-content/uploads/2015/10/Chilling-Water.png,https://summonerswarskyarena.info/wp-content/uploads/2015/10/Jack-o-lantern-Water.png,https://summonerswarskyarena.info/monster/chilling-water-jack-o-lantern-review/,10 20 5 15,7,https://summonerswarskyarena.info/monster-list/
145,4,Attack,Centaur Knight,Light,Chiron,https://summonerswarskyarena.info/wp-content/uploads/2025/10/unit_icon_0193_1_4_Chiron_2.png,https://summonerswarskyarena.info/wp-content/uploads/2025/10/unit_icon_0193_0_4_Chiron.png,https://summonerswarskyarena.info/monster/chiron-light-centaur-knight-review/,5 15 10 20,12,https://summonerswarskyarena.info/monster-list/
146,5,HP,Sage,Fire,Chiwu,https://summonerswarskyarena.info/wp-content/uploads/2015/01/chiwu.png,https://summonerswarskyarena.info/wp-content/uploads/2015/01/pioneer-fire.png,https://summonerswarskyarena.info/monster/chiwu-fire-pioneer-review/,20 10 15 5,13,https://summonerswarskyarena.info/monster-list/
147,4,Support,Epikion Priest,Fire,Chloe,https://summonerswarskyarena.info/wp-content/uploads/2017/01/Chloe_Icon.png,https://summonerswarskyarena.info/wp-content/uploads/2017/01/Epikion_Priest_Fire_Icon.png,https://summonerswarskyarena.info/monster/chloe-fire-epikion-priest-review/,20 5 15 5,12,https://summonerswarskyarena.info/monster-list/
148,5,HP,Dragon Knight,Water,Chow,https://summonerswarskyarena.info/wp-content/uploads/2014/10/Chow-Water.png,https://summonerswarskyarena.info/wp-content/uploads/2016/08/Dragon-Knight-Water.png,https://summonerswarskyarena.info/monster/chow-water-dragon-knight/,20 10 15 5,9,https://summonerswarskyarena.info/monster-list/
149,4,Attack,Magical Archer,Light,Chris,https://summonerswarskyarena.info/wp-content/uploads/2017/01/Chris_Icon.png,https://summonerswarskyarena.info/wp-content/uploads/2017/01/Magical_Archer_Light_Icon.png,https://summonerswarskyarena.info/monster/chris-light-magical-archer-review/,20 5 15 5,16,https://summonerswarskyarena.info/monster-list/
150,5,Attack,Cannon Girl,Wind,Christina,https://summonerswarskyarena.info/wp-content/uploads/2019/02/christina.png,https://summonerswarskyarena.info/wp-content/uploads/2019/02/wind-cannon-girl.png,https://summonerswarskyarena.info/monster/christina-wind-cannon-girl-review/,15 12 15 10,8,https://summonerswarskyarena.info/monster-list/
151,5,HP,Arcane Weapon,Light,Christine,https://summonerswarskyarena.info/wp-content/uploads/2025/10/unit_icon_0192_1_4_Christine_2.png,https://summonerswarskyarena.info/wp-content/uploads/2025/10/unit_icon_0192_0_4_Christine.png,https://summonerswarskyarena.info/monster/christine-light-arcane-weapon-review/,5 15 10 20,10,https://summonerswarskyarena.info/monster-list/
152,4,Support,CHUN LI,Fire,CHUN-LI,https://summonerswarskyarena.info/wp-content/uploads/2020/10/fire-chun-li.png,https://summonerswarskyarena.info/wp-content/uploads/2020/10/fire-chun-li.png,https://summonerswarskyarena.info/monster/chun-li-fire-chun-li-review/,,11,https://summonerswarskyarena.info/monster-list/
153,4,Attack,CHUN LI,Water,CHUN-LI,https://summonerswarskyarena.info/wp-content/uploads/2020/10/water-chun-li.png,https://summonerswarskyarena.info/wp-content/uploads/2020/10/water-chun-li.png,https://summonerswarskyarena.info/monster/chun-li-water-chun-li-review/,,12,https://summonerswarskyarena.info/monster-list/
154,4,Attack,CHUN LI,Wind,CHUN-LI,https://summonerswarskyarena.info/wp-content/uploads/2020/10/wind-chun-li-1.png,https://summonerswarskyarena.info/wp-content/uploads/2020/10/wind-chun-li-1.png,https://summonerswarskyarena.info/monster/chun-li-wind-chun-li-review/,,9,https://summonerswarskyarena.info/monster-list/
155,4,Attack,CHUN LI,Light,CHUN-LI,https://summonerswarskyarena.info/wp-content/uploads/2020/10/light-chun-li.png,https://summonerswarskyarena.info/wp-content/uploads/2020/10/light-chun-li.png,https://summonerswarskyarena.info/monster/chun-li-light-chun-li-review/,,10,https://summonerswarskyarena.info/monster-list/
156,4,Support,CHUN LI,Dark,CHUN-LI,https://summonerswarskyarena.info/wp-content/uploads/2020/10/dark-chun-li.png,https://summonerswarskyarena.info/wp-content/uploads/2020/10/dark-chun-li.png,https://summonerswarskyarena.info/monster/chun-li-dark-chun-li-review/,,12,https://summonerswarskyarena.info/monster-list/
157,4,Support,Mermaid,Wind,Cichlid,https://summonerswarskyarena.info/wp-content/uploads/2015/06/Cichlid-Wind.png,https://summonerswarskyarena.info/wp-content/uploads/2015/06/Mermaid-Wind.png,https://summonerswarskyarena.info/monster/cichlid-wind-mermaid-review/,10 20 5 15,13,https://summonerswarskyarena.info/monster-list/
158,5,Attack,Ciri,Water,Ciri,https://summonerswarskyarena.info/wp-content/uploads/2024/01/unit_icon_0142_1_1.png,https://summonerswarskyarena.info/wp-content/uploads/2024/01/unit_icon_0142_1_1.png,https://summonerswarskyarena.info/monster/ciri-water-ciri-review/,,10,https://summonerswarskyarena.info/monster-list/
159,4,Attack,Ciri,Fire,Ciri,https://summonerswarskyarena.info/wp-content/uploads/2024/01/unit_icon_0142_1_2.png,https://summonerswarskyarena.info/wp-content/uploads/2024/01/unit_icon_0142_1_2.png,https://summonerswarskyarena.info/monster/ciri-fire-ciri-review/,,10,https://summonerswarskyarena.info/monster-list/
160,5,Attack,Ciri,Wind,Ciri,https://summonerswarskyarena.info/wp-content/uploads/2024/01/unit_icon_0142_1_3.png,https://summonerswarskyarena.info/wp-content/uploads/2024/01/unit_icon_0142_1_3.png,https://summonerswarskyarena.info/monster/ciri-wind-ciri-review/,,12,https://summonerswarskyarena.info/monster-list/
161,5,Attack,Ciri,Light,Ciri,https://summonerswarskyarena.info/wp-content/uploads/2024/01/unit_icon_0142_1_4.png,https://summonerswarskyarena.info/wp-content/uploads/2024/01/unit_icon_0142_1_4.png,https://summonerswarskyarena.info/monster/ciri-light-ciri-review/,,12,https://summonerswarskyarena.info/monster-list/
162,4,Attack,Ciri,Dark,Ciri,https://summonerswarskyarena.info/wp-content/uploads/2024/01/unit_icon_0142_1_5.png,https://summonerswarskyarena.info/wp-content/uploads/2024/01/unit_icon_0142_1_5.png,https://summonerswarskyarena.info/monster/ciri-dark-ciri-review/,,12,https://summonerswarskyarena.info/monster-list/
163,5,Attack,Battle Angel,Fire,Claire,https://summonerswarskyarena.info/wp-content/uploads/2022/07/unit_icon_0087_1_2.png,https://summonerswarskyarena.info/wp-content/uploads/2022/07/unit_icon_0087_0_2.png,https://summonerswarskyarena.info/monster/claire-fire-battle-angel-review/,5 15 10 20,12,https://summonerswarskyarena.info/monster-list/
164,4,Attack,Pierret,Fire,Clara,https://summonerswarskyarena.info/wp-content/uploads/2017/01/Clara_Icon.png,https://summonerswarskyarena.info/wp-content/uploads/2017/01/Pierret_Fire_Icon.png,https://summonerswarskyarena.info/monster/clara-fire-pierret-review/,10 20 5 15,13,https://summonerswarskyarena.info/monster-list/
165,5,Attack,Mage,Fire,Coco,https://summonerswarskyarena.info/wp-content/uploads/2021/05/coco.png,https://summonerswarskyarena.info/wp-content/uploads/2021/05/fire-mage.png,https://summonerswarskyarena.info/monster/coco-fire-mage-review/,5 15 10 20,11,https://summonerswarskyarena.info/monster-list/
166,2,Attack,Imp,Fire,Cogma,https://summonerswarskyarena.info/wp-content/uploads/2016/08/Cogma-Fire.png,https://summonerswarskyarena.info/wp-content/uploads/2016/07/Imp-Fire.png,https://summonerswarskyarena.info/monster/cogma-fire-imp-review/,20 15,16,https://summonerswarskyarena.info/monster-list/
167,2,Support,Harpu,Fire,Colleen,https://summonerswarskyarena.info/wp-content/uploads/2018/06/Colleen_Icon.png,https://summonerswarskyarena.info/wp-content/uploads/2018/06/Harpu_Fire_Icon.png,https://summonerswarskyarena.info/monster/colleen-fire-harpu-review/,5 15 5 10,15,https://summonerswarskyarena.info/monster-list/
168,4,Attack,Death Knight,Light,Conrad,https://summonerswarskyarena.info/wp-content/uploads/2014/10/Conrad-Light.png,https://summonerswarskyarena.info/wp-content/uploads/2017/01/Death_Knight_Light_Icon.png,https://summonerswarskyarena.info/monster/conrad-light-death-knight/,10 20 5 15,15,https://summonerswarskyarena.info/monster-list/
169,3,Defense,Living Armor,Wind,Copper,https://summonerswarskyarena.info/wp-content/uploads/2016/12/Copper_Icon.png,https://summonerswarskyarena.info/wp-content/uploads/2016/12/Living_Armor_Wind_Icon.png,https://summonerswarskyarena.info/monster/copper-wind-living-armor-review/,15 10 10 5,16,https://summonerswarskyarena.info/monster-list/
170,4,Attack,Blade Dancer,Wind,Cordelia,https://summonerswarskyarena.info/wp-content/uploads/2020/11/cordelia.png,https://summonerswarskyarena.info/wp-content/uploads/2020/11/wind-blade-dancer.png,https://summonerswarskyarena.info/monster/cordelia-wind-blade-dancer-review/,15 5 20 10,9,https://summonerswarskyarena.info/monster-list/
171,4,Attack,Sniper Mk.I,Water,Covenant,https://summonerswarskyarena.info/wp-content/uploads/2019/02/covenant.png,https://summonerswarskyarena.info/wp-content/uploads/2019/02/water-sniper-mk-i.png,https://summonerswarskyarena.info/monster/covenant-water-sniper-mk-i-review/,15 5 20 10,13,https://summonerswarskyarena.info/monster-list/
172,5,HP,Slayer,Light,Craig,https://summonerswarskyarena.info/wp-content/uploads/2020/11/craig.png,https://summonerswarskyarena.info/wp-content/uploads/2020/11/light-slayer.png,https://summonerswarskyarena.info/monster/craig-light-slayer-review/,5 15 10 20,11,https://summonerswarskyarena.info/monster-list/
173,5,Support,Hell Lady,Dark,Craka,https://summonerswarskyarena.info/wp-content/uploads/2014/12/Craka-Dark.png,https://summonerswarskyarena.info/wp-content/uploads/2014/12/Hell-Lady-Dark.png,https://summonerswarskyarena.info/monster/craka-dark-hell-lady-review/,20 10 15 5,11,https://summonerswarskyarena.info/monster-list/
174,3,Defense,Frankenstein,Wind,Crane,https://summonerswarskyarena.info/wp-content/uploads/2015/10/Crane-Wind.png,https://summonerswarskyarena.info/wp-content/uploads/2015/10/Frankenstein-Wind.png,https://summonerswarskyarena.info/monster/crane-wind-frankenstein-review/,15 10 10 5,10,https://summonerswarskyarena.info/monster-list/
175,3,Defense,Frankenstein,Dark,Crawler,https://summonerswarskyarena.info/wp-content/uploads/2015/10/Crawler-Dark.png,https://summonerswarskyarena.info/wp-content/uploads/2015/10/Frankenstein-Dark.png,https://summonerswarskyarena.info/monster/crawler-dark-frankenstein-review/,15 10 10 5,10,https://summonerswarskyarena.info/monster-list/
176,5,Support,Arcane Weapon,Fire,Cynthia,https://summonerswarskyarena.info/wp-content/uploads/2025/10/unit_icon_0192_1_2Cynthia_2.png,https://summonerswarskyarena.info/wp-content/uploads/2025/10/unit_icon_0192_0_2_Cynthia.png,https://summonerswarskyarena.info/monster/cynthia-fire-arcane-weapon-review/,5 15 10 20,11,https://summonerswarskyarena.info/monster-list/
177,3,HP,Warbear,Water,Dagora,https://summonerswarskyarena.info/wp-content/uploads/2018/06/Dagora_Icon.png,https://summonerswarskyarena.info/wp-content/uploads/2017/03/unit_icon_0002_0_2.png,https://summonerswarskyarena.info/monster/dagora-water-warbear-review/,5 15 5 10,13,https://summonerswarskyarena.info/monster-list/
178,3,Attack,Bearman,Wind,Dagorr,https://summonerswarskyarena.info/wp-content/uploads/2016/12/Dagorr_Icon.png,https://summonerswarskyarena.info/wp-content/uploads/2016/12/Bearman_Wind_Icon.png,https://summonerswarskyarena.info/monster/dagorr-wind-bearman-review/,15 10 10 5,10,https://summonerswarskyarena.info/monster-list/
179,2,Attack,Elemental,Water,Daharenos,https://summonerswarskyarena.info/wp-content/uploads/2018/06/Daharenos_Icon.png,https://summonerswarskyarena.info/wp-content/uploads/2018/06/Elemental_Water_Icon.png,https://summonerswarskyarena.info/monster/daharenos-water-elemental-review/,5 15 5 10,13,https://summonerswarskyarena.info/monster-list/
180,5,HP,Daimon,Fire,Daimon,https://summonerswarskyarena.info/wp-content/uploads/2025/11/unit_icon_0201_1_2_daimon.png,https://summonerswarskyarena.info/wp-content/uploads/2025/11/unit_icon_0201_1_2_daimon.png,https://summonerswarskyarena.info/monster/daimon-fire-daimon-review/,,12,https://summonerswarskyarena.info/monster-list/
181,5,Attack,Arcane Weapon,Wind,Daisy,https://summonerswarskyarena.info/wp-content/uploads/2025/10/unit_icon_0192_1_3_Daisy_2.png,https://summonerswarskyarena.info/wp-content/uploads/2025/10/unit_icon_0192_0_3_Daisy.png,https://summonerswarskyarena.info/monster/daisy-wind-arcane-weapon-review/,5 15 10 20,12,https://summonerswarskyarena.info/monster-list/
182,4,Support,Dokkaebi Princess and Sapsaree,Dark,Damee and Sapsaree,https://summonerswarskyarena.info/wp-content/uploads/2023/10/unit_icon_0132_1_5.png,https://summonerswarskyarena.info/wp-content/uploads/2023/10/unit_icon_0132_0_5.png,https://summonerswarskyarena.info/monster/damee-and-sapsaree-dark-dokkaebi-princess-and-sapsaree-review/,15 5 20 10,11,https://summonerswarskyarena.info/monster-list/
183,5,Attack,Sky Surfer,Light,Daniel,https://summonerswarskyarena.info/wp-content/uploads/2021/08/unit_icon_0076_1_4.png,https://summonerswarskyarena.info/wp-content/uploads/2021/08/unit_icon_0076_0_4.png,https://summonerswarskyarena.info/monster/daniel-light-sky-surfer-review/,5 15 10 20,11,https://summonerswarskyarena.info/monster-list/
184,4,Attack,Asura,Light,Danu,https://summonerswarskyarena.info/wp-content/uploads/2023/07/unit_icon_0119_1_4.png,https://summonerswarskyarena.info/wp-content/uploads/2023/07/unit_icon_0119_0_4.png,https://summonerswarskyarena.info/monster/danu-light-asura-review/,15 5 20 10,12,https://summonerswarskyarena.info/monster-list/
185,5,Attack,Fairy King,Fire,Daphnis,https://summonerswarskyarena.info/wp-content/uploads/2017/03/unit_icon_0040_1_3.png,https://summonerswarskyarena.info/wp-content/uploads/2016/02/Fairy-King-Fire.png,https://summonerswarskyarena.info/monster/daphnis-fire-fairy-king-review/,20 10 15 5,13,https://summonerswarskyarena.info/monster-list/
186,3,Defense,Vagabond,Light,Darion,https://summonerswarskyarena.info/wp-content/uploads/2018/06/Darion_Icon.png,https://summonerswarskyarena.info/wp-content/uploads/2018/06/Vagabond_Light_Icon.png,https://summonerswarskyarena.info/monster/darion-light-vagabond-review/,5 10 10 15,13,https://summonerswarskyarena.info/monster-list/
187,4,Support,Rune Blacksmith,Dark,Deborah,https://summonerswarskyarena.info/wp-content/uploads/2022/01/unit_icon_0081_1_5.png,https://summonerswarskyarena.info/wp-content/uploads/2022/01/unit_icon_0081_0_5.png,https://summonerswarskyarena.info/monster/deborah-dark-rune-blacksmith-review/,15 5 20 10,11,https://summonerswarskyarena.info/monster-list/
188,2,Defense,Salamander,Dark,Decamaron,https://summonerswarskyarena.info/wp-content/uploads/2018/06/Decamaron_Icon.png,https://summonerswarskyarena.info/wp-content/uploads/2018/06/Salamander_Dark_Icon.png,https://summonerswarskyarena.info/monster/decamaron-dark-salamander-review/,20 2 10,11,https://summonerswarskyarena.info/monster-list/
189,4,Support,Undine,Wind,Delphoi,https://summonerswarskyarena.info/wp-content/uploads/2018/06/Delphoi_Icon.png,https://summonerswarskyarena.info/wp-content/uploads/2018/06/Undine_Wind_Icon.png,https://summonerswarskyarena.info/monster/delphoi-wind-undine-review/,10 20 5 15,8,https://summonerswarskyarena.info/monster-list/
190,5,Attack,Drakan Warrior,Fire,Deragron,https://summonerswarskyarena.info/wp-content/uploads/2024/10/unit_icon_0161_0_2_deragron2.png,https://summonerswarskyarena.info/wp-content/uploads/2024/10/unit_icon_0161_0_2_deragron.png,https://summonerswarskyarena.info/monster/deragron-fire-drakan-warrior-review/,15 5 20 10,10,https://summonerswarskyarena.info/monster-list/
191,5,Attack,Battle Angel,Dark,Destiny,https://summonerswarskyarena.info/wp-content/uploads/2022/07/unit_icon_0087_1_5.png,https://summonerswarskyarena.info/wp-content/uploads/2022/07/unit_icon_0087_0_5.png,https://summonerswarskyarena.info/monster/destiny-dark-battle-angel-review/,5 15 10 20,12,https://summonerswarskyarena.info/monster-list/
192,4,Attack,Chakram Dancer,Light,Deva,https://summonerswarskyarena.info/wp-content/uploads/2018/03/deva.png,https://summonerswarskyarena.info/wp-content/uploads/2018/03/light-chakram-dancer.png,https://summonerswarskyarena.info/monster/deva-light-chakram-review/,15 5 20 10,10,https://summonerswarskyarena.info/monster-list/
193,5,HP,Indra,Dark,Devaraja,https://summonerswarskyarena.info/wp-content/uploads/2023/07/unit_icon_0118_1_5.png,https://summonerswarskyarena.info/wp-content/uploads/2023/07/unit_icon_0118_0_5.png,https://summonerswarskyarena.info/monster/devaraja-dark-indra-review/,5 15 10 20,10,https://summonerswarskyarena.info/monster-list/
194,3,Defense,Lizardman,Dark,Devinodon,https://summonerswarskyarena.info/wp-content/uploads/2014/10/Devinodon-Dark.png,https://summonerswarskyarena.info/wp-content/uploads/2014/10/Lizardman-Dark.png,https://summonerswarskyarena.info/monster/devinodon-dark-lizardman-review/,15 10 10 5,11,https://summonerswarskyarena.info/monster-list/
195,4,Support,DHALSIM,Fire,DHALSIM,https://summonerswarskyarena.info/wp-content/uploads/2020/11/wind-dhalsim.png,https://summonerswarskyarena.info/wp-content/uploads/2020/11/wind-dhalsim.png,https://summonerswarskyarena.info/monster/dhalsim-fire-dhalsim-review/,,12,https://summonerswarskyarena.info/monster-list/
196,4,Attack,DHALSIM,Water,DHALSIM,https://summonerswarskyarena.info/wp-content/uploads/2020/11/water-dhalsim.png,https://summonerswarskyarena.info/wp-content/uploads/2020/11/water-dhalsim.png,https://summonerswarskyarena.info/monster/dhalsim-water-dhalsim-review/,,10,https://summonerswarskyarena.info/monster-list/
197,4,Attack,DHALSIM,Wind,DHALSIM,https://summonerswarskyarena.info/wp-content/uploads/2020/11/wind-dhalsim.png,https://summonerswarskyarena.info/wp-content/uploads/2020/11/wind-dhalsim.png,https://summonerswarskyarena.info/monster/dhalsim-wind-dhalsim-review/,,12,https://summonerswarskyarena.info/monster-list/
198,4,Support,DHALSIM,Light,DHALSIM,https://summonerswarskyarena.info/wp-content/uploads/2020/11/light-dhalsim.png,https://summonerswarskyarena.info/wp-content/uploads/2020/11/light-dhalsim.png,https://summonerswarskyarena.info/monster/dhalsim-light-dhalsim-review/,,12,https://summonerswarskyarena.info/monster-list/
199,4,Defense,DHALSIM,Dark,DHALSIM,https://summonerswarskyarena.info/wp-content/uploads/2020/11/dark-dhalsim.png,https://summonerswarskyarena.info/wp-content/uploads/2020/11/dark-dhalsim.png,https://summonerswarskyarena.info/monster/dhalsim-dark-dhalsim-review/,,10,https://summonerswarskyarena.info/monster-list/
200,5,HP,Unicorn,Wind,Diana,https://summonerswarskyarena.info/wp-content/uploads/2017/03/Diana_Icon.png,https://summonerswarskyarena.info/wp-content/uploads/2017/03/Unicorn_Wind_Icon.png,https://summonerswarskyarena.info/monster/diana-wind-unicorn-review/,20 10 15 5,11,https://summonerswarskyarena.info/monster-list/
201,4,Defense,Death Knight,Dark,Dias,https://summonerswarskyarena.info/wp-content/uploads/2017/01/Dias_Icon.png,https://summonerswarskyarena.info/wp-content/uploads/2017/01/Death_Knight_Dark_Icon.png,https://summonerswarskyarena.info/monster/dias-dark-death-knight-review/,10 20 5 15,10,https://summonerswarskyarena.info/monster-list/
202,5,Support,Exorcist Association Conjurer,Dark,Doburoku,https://summonerswarskyarena.info/wp-content/uploads/2024/11/unit_icon_0165_1_5_doburoku.png,https://summonerswarskyarena.info/wp-content/uploads/2024/11/unit_icon_0165_1_5_doburoku.png,https://summonerswarskyarena.info/monster/doburoku-dark-exorcist-association-conjurer-review/,,12,https://summonerswarskyarena.info/monster-list/
203,5,Attack,Weapon Master,Wind,Dominic,https://summonerswarskyarena.info/wp-content/uploads/2022/01/unit_icon_0080_1_3.png,https://summonerswarskyarena.info/wp-content/uploads/2022/01/unit_icon_0080_0_3.png,https://summonerswarskyarena.info/monster/dominic-wind-weapon-master-review/,5 15 10 20,12,https://summonerswarskyarena.info/monster-list/
204,3,Support,Penguin Knight,Light,Dona,https://summonerswarskyarena.info/wp-content/uploads/2015/03/Dona-Light.png,https://summonerswarskyarena.info/wp-content/uploads/2017/01/Penguin_Knight_Light_Icon.png,https://summonerswarskyarena.info/monster/dona-light-penguin-knight-review/,15 10 10 5,11,https://summonerswarskyarena.info/monster-list/
205,4,Support,String Master,Light,Dongbaek,https://summonerswarskyarena.info/wp-content/uploads/2020/06/dongbaek.png,https://summonerswarskyarena.info/wp-content/uploads/2020/06/light-string-master.png,https://summonerswarskyarena.info/monster/dongbaek-light-string-master-review/,15 5 20 10,10,https://summonerswarskyarena.info/monster-list/
206,5,Attack,Mage,Light,Dorothy,https://summonerswarskyarena.info/wp-content/uploads/2021/05/dorothy.png,https://summonerswarskyarena.info/wp-content/uploads/2021/05/light-mage.png,https://summonerswarskyarena.info/monster/dorothy-light-mage-review/,5 15 10 20,11,https://summonerswarskyarena.info/monster-list/
207,5,Attack,Striker,Fire,Douglas,https://summonerswarskyarena.info/wp-content/uploads/2020/11/douglas.png,https://summonerswarskyarena.info/wp-content/uploads/2020/11/fire-striker.png,https://summonerswarskyarena.info/monster/douglas-fire-striker-review/,5 15 10 20,9,https://summonerswarskyarena.info/monster-list/
208,5,Support,Onmyouji,Dark,Douman,https://summonerswarskyarena.info/wp-content/uploads/2021/03/douman.png,https://summonerswarskyarena.info/wp-content/uploads/2021/03/dark-onmyouji.png,https://summonerswarskyarena.info/monster/douman-dark-onmyouji-review/,5 15 10 20,10,https://summonerswarskyarena.info/monster-list/
209,4,Support,Harg,Light,Dova,https://summonerswarskyarena.info/wp-content/uploads/2016/02/Dova-Light.png,https://summonerswarskyarena.info/wp-content/uploads/2017/01/Harg_Light_Icon.png,https://summonerswarskyarena.info/monster/dova-light-harg-review/,20 5 15 5,8,https://summonerswarskyarena.info/monster-list/
210,4,Attack,Kobold Bomber,Light,Dover,https://summonerswarskyarena.info/wp-content/uploads/2014/12/Dover-Light.png,https://summonerswarskyarena.info/wp-content/uploads/2014/12/Kobold-Bomber-Light.png,https://summonerswarskyarena.info/monster/dover-light-kobold-bomber-review/,10 20 5 15,13,https://summonerswarskyarena.info/monster-list/
211,5,Attack,Dr. Plasma,Light,Dr. Albert,https://summonerswarskyarena.info/wp-content/uploads/2026/04/unit_icon_0214_1_4_dralbert.png,https://summonerswarskyarena.info/wp-content/uploads/2026/04/unit_icon_0214_0_4_drplasma_li.png,https://summonerswarskyarena.info/monster/dr-albert-light-dr-plasma-review/,20 10 15 5,10,https://summonerswarskyarena.info/monster-list/
212,5,Support,Dr. Plasma,Wind,Dr. Christoph,https://summonerswarskyarena.info/wp-content/uploads/2026/04/unit_icon_0214_1_3_drchristoph.png,https://summonerswarskyarena.info/wp-content/uploads/2026/04/unit_icon_0214_0_3_drplasma_wi.png,https://summonerswarskyarena.info/monster/dr-christoph-wind-dr-plasma-review/,20 10 15 5,12,https://summonerswarskyarena.info/monster-list/
213,5,Attack,Dr. Plasma,Water,Dr. Felix,https://summonerswarskyarena.info/wp-content/uploads/2026/04/unit_icon_0214_1_1_drfelix.png,https://summonerswarskyarena.info/wp-content/uploads/2026/04/unit_icon_0214_0_1_drplasma_wa.png,https://summonerswarskyarena.info/monster/dr-felix-water-dr-plasma-review/,20 10 15 5,12,https://summonerswarskyarena.info/monster-list/
214,5,Support,Dr. Plasma,Fire,Dr. Matteo,https://summonerswarskyarena.info/wp-content/uploads/2026/04/unit_icon_0214_1_2_drmatteo.png,https://summonerswarskyarena.info/wp-content/uploads/2026/04/unit_icon_0214_0_2_drplasma_fi.png,https://summonerswarskyarena.info/monster/dr-matteo-fire-dr-plasma-review/,20 10 15 5,9,https://summonerswarskyarena.info/monster-list/
215,5,Support,Dr. Plasma,Dark,Dr. Richard,https://summonerswarskyarena.info/wp-content/uploads/2026/04/unit_icon_0214_1_5_drrichard.png,https://summonerswarskyarena.info/wp-content/uploads/2026/04/unit_icon_0214_0_5_drplasma_da.png,https://summonerswarskyarena.info/monster/dr-richard-dark-dr-plasma-review/,20 10 15 5,9,https://summonerswarskyarena.info/monster-list/
216,4,Support,Brownie Magician,Fire,Draco,https://summonerswarskyarena.info/wp-content/uploads/2014/12/Draco-Fire.png,https://summonerswarskyarena.info/wp-content/uploads/2014/12/Brownie-Magician-Fire.png,https://summonerswarskyarena.info/monster/draco-fire-brownie-magician-review/,10 20 5 15,9,https://summonerswarskyarena.info/monster-list/
217,4,Attack,Sniper Mk.I,Dark,Dragunov,https://summonerswarskyarena.info/wp-content/uploads/2019/02/dragunov.png,https://summonerswarskyarena.info/wp-content/uploads/2019/02/dark-sniper-mk-i.png,https://summonerswarskyarena.info/monster/dragunov-dark-sniper-mk-i-review/,15 5 20 10,9,https://summonerswarskyarena.info/monster-list/
218,5,Attack,Drakan Warrior,Dark,Drakar,https://summonerswarskyarena.info/wp-content/uploads/2024/10/2unit_icon_0161_0_5_drakar2.png,https://summonerswarskyarena.info/wp-content/uploads/2024/10/unit_icon_0161_0_5_drakar.png,https://summonerswarskyarena.info/monster/drakar-dark-drakan-warrior-review/,15 5 20 10,11,https://summonerswarskyarena.info/monster-list/
219,5,Attack,Justice,Wind,Driana,https://summonerswarskyarena.info/wp-content/uploads/2025/12/unit_icon_0202_0_3_Driana2.png,https://summonerswarskyarena.info/wp-content/uploads/2025/12/unit_icon_0202_0_3_Driana.png,https://summonerswarskyarena.info/monster/driana-wind-justice-review/,20 10 15 5,13,https://summonerswarskyarena.info/monster-list/
220,3,HP,Frankenstein,Light,Driller,https://summonerswarskyarena.info/wp-content/uploads/2015/10/Driller-Light.png,https://summonerswarskyarena.info/wp-content/uploads/2015/10/Frankenstein-Light.png,https://summonerswarskyarena.info/monster/driller-light-frankenstein-review/,15 10 10 5,13,https://summonerswarskyarena.info/monster-list/
221,3,Attack,Inferno,Dark,Drogan,https://summonerswarskyarena.info/wp-content/uploads/2017/01/Drogan_Icon.png,https://summonerswarskyarena.info/wp-content/uploads/2017/01/Inferno_Dark_Icon.png,https://summonerswarskyarena.info/monster/drogan-dark-inferno-review/,15 10 10 5,9,https://summonerswarskyarena.info/monster-list/
222,4,Defense,Horus,Fire,Duamutef,https://summonerswarskyarena.info/wp-content/uploads/2015/10/Duamutef-Fire.png,https://summonerswarskyarena.info/wp-content/uploads/2015/10/Horus-Fire.png,https://summonerswarskyarena.info/monster/duamutef-fire-horus-review/,12 15 7 15,13,https://summonerswarskyarena.info/monster-list/
223,5,HP,Duke,Water,Duke,https://summonerswarskyarena.info/wp-content/uploads/2025/11/unit_icon_0199_1_1_duke_wa.png,https://summonerswarskyarena.info/wp-content/uploads/2025/11/unit_icon_0199_1_1_duke_wa.png,https://summonerswarskyarena.info/monster/duke-water-duke-review/,,10,https://summonerswarskyarena.info/monster-list/
224,5,HP,Duke,Fire,Duke,https://summonerswarskyarena.info/wp-content/uploads/2025/11/unit_icon_0199_1_2_duke2.png,https://summonerswarskyarena.info/wp-content/uploads/2025/11/unit_icon_0199_1_2_duke2.png,https://summonerswarskyarena.info/monster/duke-fire-duke-review/,,12,https://summonerswarskyarena.info/monster-list/
225,5,HP,Duke,Wind,Duke,https://summonerswarskyarena.info/wp-content/uploads/2025/11/unit_icon_0199_1_3_duke_wi.png,https://summonerswarskyarena.info/wp-content/uploads/2025/11/unit_icon_0199_1_3_duke_wi.png,https://summonerswarskyarena.info/monster/duke-wind-duke-review/,,11,https://summonerswarskyarena.info/monster-list/
226,4,HP,Duke,Light,Duke,https://summonerswarskyarena.info/wp-content/uploads/2025/11/unit_icon_0199_1_4_duke3.png,https://summonerswarskyarena.info/wp-content/uploads/2025/11/unit_icon_0199_1_4_duke3.png,https://summonerswarskyarena.info/monster/duke-light-duke-review/,,13,https://summonerswarskyarena.info/monster-list/
227,4,HP,Duke,Dark,Duke,https://summonerswarskyarena.info/wp-content/uploads/2025/11/unit_icon_0199_1_5_duke4.png,https://summonerswarskyarena.info/wp-content/uploads/2025/11/unit_icon_0199_1_5_duke4.png,https://summonerswarskyarena.info/monster/duke-dark-duke-review/,,12,https://summonerswarskyarena.info/monster-list/
228,4,Attack,Jack-o’-lantern,Dark,Dusky,https://summonerswarskyarena.info/wp-content/uploads/2015/10/Dusky-Dark.png,https://summonerswarskyarena.info/wp-content/uploads/2017/01/Jack-o-lantern_Dark_Icon.png,https://summonerswarskyarena.info/monster/dusky-dark-jack-o-lantern-review/,10 20 5 15,10,https://summonerswarskyarena.info/monster-list/
229,5,Attack,Indra,Light,Dyeus,https://summonerswarskyarena.info/wp-content/uploads/2023/07/unit_icon_0118_1_4.png,https://summonerswarskyarena.info/wp-content/uploads/2023/07/unit_icon_0118_0_4.png,https://summonerswarskyarena.info/monster/dyeus-light-indra-review/,5 15 10 20,11,https://summonerswarskyarena.info/monster-list/
230,4,Defense,Giant Warrior,Light,Einheri,https://summonerswarskyarena.info/wp-content/uploads/2018/10/Einheri_Icon.png,https://summonerswarskyarena.info/wp-content/uploads/2018/10/Giant_Warror_Light_Icon.png,https://summonerswarskyarena.info/monster/einheri-light-giant-warrior-review/,20 5 15 5,14,https://summonerswarskyarena.info/monster-list/
231,3,HP,Minotauros,Wind,Eintau,https://summonerswarskyarena.info/wp-content/uploads/2016/12/Eintau_Icon.png,https://summonerswarskyarena.info/wp-content/uploads/2016/12/Minotauros_Wind_Icon.png,https://summonerswarskyarena.info/monster/eintau-wind-minotauros-review/,15 10 10 5,10,https://summonerswarskyarena.info/monster-list/
232,5,Attack,Vampire Lord,Dark,Eirgar,https://summonerswarskyarena.info/wp-content/uploads/2019/06/unit_icon_0050_0_2.png,https://summonerswarskyarena.info/wp-content/uploads/2019/06/unit_icon_0050_0_1.png,https://summonerswarskyarena.info/monster/eirgar-dark-vampire-lord-review/,15 10 15 12,11,https://summonerswarskyarena.info/monster-list/
233,4,HP,Eivor,Fire,Eivor,https://summonerswarskyarena.info/wp-content/uploads/2023/07/unit_icon_0107_1_2.png,https://summonerswarskyarena.info/wp-content/uploads/2023/07/unit_icon_0107_1_2.png,https://summonerswarskyarena.info/monster/eivor-fire-eivor-review/,,11,https://summonerswarskyarena.info/monster-list/
234,5,Support,Eivor,Water,Eivor,https://summonerswarskyarena.info/wp-content/uploads/2023/07/unit_icon_0107_1_1.png,https://summonerswarskyarena.info/wp-content/uploads/2023/07/unit_icon_0107_1_1.png,https://summonerswarskyarena.info/monster/eivor-water-eivor-review/,,12,https://summonerswarskyarena.info/monster-list/
235,4,Support,Eivor,Wind,Eivor,https://summonerswarskyarena.info/wp-content/uploads/2023/07/unit_icon_0107_1_3.png,https://summonerswarskyarena.info/wp-content/uploads/2023/07/unit_icon_0107_1_3.png,https://summonerswarskyarena.info/monster/eivor-wind-eivor-review/,,13,https://summonerswarskyarena.info/monster-list/
236,5,Attack,Eivor,Light,Eivor,https://summonerswarskyarena.info/wp-content/uploads/2023/07/unit_icon_0107_1_4.png,https://summonerswarskyarena.info/wp-content/uploads/2023/07/unit_icon_0107_1_4.png,https://summonerswarskyarena.info/monster/eivor-light-eivor-review/,,11,https://summonerswarskyarena.info/monster-list/
237,5,HP,Eivor,Dark,Eivor,https://summonerswarskyarena.info/wp-content/uploads/2023/07/unit_icon_0107_1_5.png,https://summonerswarskyarena.info/wp-content/uploads/2023/07/unit_icon_0107_1_5.png,https://summonerswarskyarena.info/monster/eivor-dark-eivor-review/,,11,https://summonerswarskyarena.info/monster-list/
238,5,Support,Archangel,Wind,Eladriel,https://summonerswarskyarena.info/wp-content/uploads/2017/02/Eladriel_Icon.png,https://summonerswarskyarena.info/wp-content/uploads/2017/02/Archangel_Wind_Icon.png,https://summonerswarskyarena.info/monster/eladriel-wind-archangel-review/,20 10 15 5,8,https://summonerswarskyarena.info/monster-list/
239,4,Attack,Elder Horn,Water,Elder Horn,https://summonerswarskyarena.info/wp-content/uploads/2026/06/unit_icon_0218_1_1_elder_horn_wa.png,https://summonerswarskyarena.info/wp-content/uploads/2026/06/unit_icon_0218_1_1_elder_horn_wa.png,https://summonerswarskyarena.info/monster/elder-horn-water-elder-horn-review/,,11,https://summonerswarskyarena.info/monster-list/
240,5,Attack,Elder Horn,Fire,Elder Horn,https://summonerswarskyarena.info/wp-content/uploads/2026/06/unit_icon_0218_1_2_elder_horn_fi.png,https://summonerswarskyarena.info/wp-content/uploads/2026/06/unit_icon_0218_1_2_elder_horn_fi.png,https://summonerswarskyarena.info/monster/elder-horn-fire-elder-horn-review/,,8,https://summonerswarskyarena.info/monster-list/
241,5,Attack,Elder Horn,Wind,Elder Horn,https://summonerswarskyarena.info/wp-content/uploads/2026/06/unit_icon_0218_1_3_elder_horn_wi.png,https://summonerswarskyarena.info/wp-content/uploads/2026/06/unit_icon_0218_1_3_elder_horn_wi.png,https://summonerswarskyarena.info/monster/elder-horn-wind-elder-horn-review/,,9,https://summonerswarskyarena.info/monster-list/
242,5,Attack,Elder Horn,Light,Elder Horn,https://summonerswarskyarena.info/wp-content/uploads/2026/06/unit_icon_0218_1_4_elder_horn_li.png,https://summonerswarskyarena.info/wp-content/uploads/2026/06/unit_icon_0218_1_4_elder_horn_li.png,https://summonerswarskyarena.info/monster/elder-horn-light-elder-horn-review/,,9,https://summonerswarskyarena.info/monster-list/
243,4,Attack,Elder Horn,Dark,Elder Horn,https://summonerswarskyarena.info/wp-content/uploads/2026/06/unit_icon_0218_1_5_elder_horn_da.png,https://summonerswarskyarena.info/wp-content/uploads/2026/06/unit_icon_0218_1_5_elder_horn_da.png,https://summonerswarskyarena.info/monster/elder-horn-dark-elder-horn-review/,,8,https://summonerswarskyarena.info/monster-list/
244,5,HP,Unicorn,Light,Eleanor,https://summonerswarskyarena.info/wp-content/uploads/2017/03/Eleanor_Icon.png,https://summonerswarskyarena.info/wp-content/uploads/2017/03/Unicorn_Light_Icon.png,https://summonerswarskyarena.info/monster/eleanor-light-unicorn-review/,20 10 15 5,12,https://summonerswarskyarena.info/monster-list/
245,5,Support,Pudding Princess,Dark,Elena,https://summonerswarskyarena.info/wp-content/uploads/2023/07/unit_icon_0099_1_5.png,https://summonerswarskyarena.info/wp-content/uploads/2023/07/unit_icon_0099_0_5.png,https://summonerswarskyarena.info/monster/elena-dark-pudding-princess-review/,5 15 10 18,11,https://summonerswarskyarena.info/monster-list/
246,5,Attack,Gladiatrix,Wind,Eleni,https://summonerswarskyarena.info/wp-content/uploads/2023/07/unit_icon_0116_1_3.png,https://summonerswarskyarena.info/wp-content/uploads/2023/07/unit_icon_0116_0_3.png,https://summonerswarskyarena.info/monster/eleni-wind-gladiatrix-review/,15 10 15 12,12,https://summonerswarskyarena.info/monster-list/
247,5,Support,Polar Queen,Light,Elenoa,https://summonerswarskyarena.info/wp-content/uploads/2015/03/Elenoa-Light.png,https://summonerswarskyarena.info/wp-content/uploads/2015/03/Polar-Queen-Light.png,https://summonerswarskyarena.info/monster/elenoa-light-polar-queen-review/,20 10 15 5,11,https://summonerswarskyarena.info/monster-list/
248,5,Defense,Beetle Guardian,Wind,Elephas,https://summonerswarskyarena.info/wp-content/uploads/2025/04/unit_icon_0177_0_1_elephas2.png,https://summonerswarskyarena.info/wp-content/uploads/2025/04/unit_icon_0177_0_1_elephas.png,https://summonerswarskyarena.info/monster/elephas-wind-beetle-guardian-review/,5 15 10 20,12,https://summonerswarskyarena.info/monster-list/
249,5,Attack,Arcane Weapon,Dark,Elise,https://summonerswarskyarena.info/wp-content/uploads/2025/10/unit_icon_0192_1_5_Elise_2.png,https://summonerswarskyarena.info/wp-content/uploads/2025/10/unit_icon_0192_0_5_Elise.png,https://summonerswarskyarena.info/monster/elise-dark-arcane-weapon-review/,5 15 10 20,10,https://summonerswarskyarena.info/monster-list/
250,4,Attack,Cyborg,Wind,Eliza,https://summonerswarskyarena.info/wp-content/uploads/2024/04/unit_icon_0145_0_3.png,https://summonerswarskyarena.info/wp-content/uploads/2024/04/unit_icon_0145_0_3.png,https://summonerswarskyarena.info/monster/eliza-wind-cyborg-review/,10 20 5 15,10,https://summonerswarskyarena.info/monster-list/
251,5,Support,Totemist,Light,Ella,https://summonerswarskyarena.info/wp-content/uploads/2021/11/unit_icon_0078_1_4.png,https://summonerswarskyarena.info/wp-content/uploads/2021/11/unit_icon_0078_0_4.png,https://summonerswarskyarena.info/monster/ella-light-totemist-review/,5 15 10 20,10,https://summonerswarskyarena.info/monster-list/
252,3,Attack,High Elemental,Water,Ellena,https://summonerswarskyarena.info/wp-content/uploads/2018/06/Ellena_Icon.png,https://summonerswarskyarena.info/wp-content/uploads/2018/06/High_Elemental_Water_Icon.png,https://summonerswarskyarena.info/monster/ellena-water-high-elemental-review/,15 10 10 5,14,https://summonerswarskyarena.info/monster-list/
253,3,Attack,Amazon,Water,Ellin,https://summonerswarskyarena.info/wp-content/uploads/2016/12/Ellin_Icon.png,https://summonerswarskyarena.info/wp-content/uploads/2016/12/Amazon_Water_Icon.png,https://summonerswarskyarena.info/monster/ellin-water-amazon-review/,15 10 10 5,13,https://summonerswarskyarena.info/monster-list/
254,3,HP,Serpent,Light,Elpuria,https://summonerswarskyarena.info/wp-content/uploads/2017/03/unit_icon_0005_3_0.png,https://summonerswarskyarena.info/wp-content/uploads/2017/03/unit_icon_0004_3_4.png,https://summonerswarskyarena.info/monster/elpuria-light-serpent-review/,15 10 10 5,9,https://summonerswarskyarena.info/monster-list/
255,5,Attack,Ifrit,Light,Elsharion,https://summonerswarskyarena.info/wp-content/uploads/2015/03/Elsharion-Light.png,https://summonerswarskyarena.info/wp-content/uploads/2015/03/Ifrit-Light.png,https://summonerswarskyarena.info/monster/elsharion-light-ifrit-review/,20 10 15 5,10,https://summonerswarskyarena.info/monster-list/
256,3,Support,Fairy,Water,Elucia,https://summonerswarskyarena.info/wp-content/uploads/2018/06/Elucia_Icon-1.png,https://summonerswarskyarena.info/wp-content/uploads/2018/06/Fairy_Water_Icon-1.png,https://summonerswarskyarena.info/monster/elucia-water-fairy-review/,5 10 10 15,16,https://summonerswarskyarena.info/monster-list/
257,3,Attack,Inferno,Light,Eludain,https://summonerswarskyarena.info/wp-content/uploads/2017/01/Eludain_Icon.png,https://summonerswarskyarena.info/wp-content/uploads/2017/01/Inferno_Light_Icon.png,https://summonerswarskyarena.info/monster/eludain-light-inferno-review/,15 10 10 5,10,https://summonerswarskyarena.info/monster-list/
258,5,Attack,Phoenix,Light,Eludia,https://summonerswarskyarena.info/wp-content/uploads/2017/02/Eludia_Icon.png,https://summonerswarskyarena.info/wp-content/uploads/2017/02/Phoenix_Light_Icon.png,https://summonerswarskyarena.info/monster/eludia-light-phoenix-review/,20 10 15 5,14,https://summonerswarskyarena.info/monster-list/
259,3,Attack,Elven Ranger,Water,Eluin,https://summonerswarskyarena.info/wp-content/uploads/2015/11/Eluin-Water.png,https://summonerswarskyarena.info/wp-content/uploads/2015/11/Elven-Ranger-Water.png,https://summonerswarskyarena.info/monster/eluin-water-elven-ranger-review/,17 7 12 5,15,https://summonerswarskyarena.info/monster-list/
260,4,Attack,Cannon Girl,Light,Emily,https://summonerswarskyarena.info/wp-content/uploads/2019/02/emily.png,https://summonerswarskyarena.info/wp-content/uploads/2019/02/light-cannon-girl.png,https://summonerswarskyarena.info/monster/emily-light-cannon-girl-review/,15 12 15 10,9,https://summonerswarskyarena.info/monster-list/
261,4,Support,Neostone Agent,Water,Emma,https://summonerswarskyarena.info/wp-content/uploads/2015/08/Emma-Water-N.png,https://summonerswarskyarena.info/wp-content/uploads/2015/08/Neostone-Agent-Water-N.png,https://summonerswarskyarena.info/monster/emma-water-neostone-agent-review/,12 15 7 15,13,https://summonerswarskyarena.info/monster-list/
262,5,Attack,Magic Order Elementalist,Fire,Enshia,https://summonerswarskyarena.info/wp-content/uploads/2024/06/unit_icon_0153_1_2_enshia2.png,https://summonerswarskyarena.info/wp-content/uploads/2024/06/unit_icon_0153_0_2_enshia.png,https://summonerswarskyarena.info/monster/enshia-fire-magic-order-elementalist-review/,12 15 10 15,12,https://summonerswarskyarena.info/monster-list/
263,4,HP,Sylph,Light,Eredas,https://summonerswarskyarena.info/wp-content/uploads/2017/01/Eredas_Icon.png,https://summonerswarskyarena.info/wp-content/uploads/2017/01/Sylph_Light_Icon.png,https://summonerswarskyarena.info/monster/eredas-light-sylph-review/,10 20 5 15,12,https://summonerswarskyarena.info/monster-list/
264,5,Defense,Drakan Warrior,Wind,Ereshion,https://summonerswarskyarena.info/wp-content/uploads/2024/10/unit_icon_0161_0_2_ereshion2.png,https://summonerswarskyarena.info/wp-content/uploads/2024/10/unit_icon_0161_0_2_ereshion.png,https://summonerswarskyarena.info/monster/ereshion-wind-drakan-warrior-review/,15 5 20 10,11,https://summonerswarskyarena.info/monster-list/
265,3,HP,Serpent,Wind,Ermeda,https://summonerswarskyarena.info/wp-content/uploads/2017/03/unit_icon_0005_2_0.png,https://summonerswarskyarena.info/wp-content/uploads/2017/03/unit_icon_0004_2_4.png,https://summonerswarskyarena.info/monster/ermeda-wind-serpent-review/,15 10 10 5,7,https://summonerswarskyarena.info/monster-list/
266,3,Attack,Elven Ranger,Wind,Erwin,https://summonerswarskyarena.info/wp-content/uploads/2015/11/Erwin-Wind.png,https://summonerswarskyarena.info/wp-content/uploads/2015/11/Elven-Ranger-Wind.png,https://summonerswarskyarena.info/monster/erwin-wind-elven-ranger-review/,17 7 12 5,9,https://summonerswarskyarena.info/monster-list/
267,3,HP,Werewolf,Light,Eshir,https://summonerswarskyarena.info/wp-content/uploads/2017/01/Eshir_Icon.png,https://summonerswarskyarena.info/wp-content/uploads/2017/01/Werewolf_Light_Icon.png,https://summonerswarskyarena.info/monster/eshir-light-werewolf-review/,15 10 10 5,11,https://summonerswarskyarena.info/monster-list/
268,4,Attack,Espresso Cookie,Fire,Espresso Cookie,https://summonerswarskyarena.info/wp-content/uploads/2023/07/unit_icon_0090_1_2.png,https://summonerswarskyarena.info/wp-content/uploads/2023/07/unit_icon_0090_1_2.png,https://summonerswarskyarena.info/monster/espresso-cookie-fire-espresso-cookie-review/,,11,https://summonerswarskyarena.info/monster-list/
269,4,Attack,Espresso Cookie,Water,Espresso Cookie,https://summonerswarskyarena.info/wp-content/uploads/2023/07/unit_icon_0090_1_1.png,https://summonerswarskyarena.info/wp-content/uploads/2023/07/unit_icon_0090_1_1.png,https://summonerswarskyarena.info/monster/espresso-cookie-water-espresso-cookie-review/,,10,https://summonerswarskyarena.info/monster-list/
270,4,Attack,Espresso Cookie,Wind,Espresso Cookie,https://summonerswarskyarena.info/wp-content/uploads/2023/07/unit_icon_0090_1_3.png,https://summonerswarskyarena.info/wp-content/uploads/2023/07/unit_icon_0090_1_3.png,https://summonerswarskyarena.info/monster/espresso-cookie-wind-espresso-cookie-review/,,10,https://summonerswarskyarena.info/monster-list/
271,4,Attack,Espresso Cookie,Light,Espresso Cookie,https://summonerswarskyarena.info/wp-content/uploads/2023/07/unit_icon_0090_1_4.png,https://summonerswarskyarena.info/wp-content/uploads/2023/07/unit_icon_0090_1_4.png,https://summonerswarskyarena.info/monster/espresso-cookie-light-espresso-cookie-review/,,11,https://summonerswarskyarena.info/monster-list/
272,4,Attack,Espresso Cookie,Dark,Espresso Cookie,https://summonerswarskyarena.info/wp-content/uploads/2023/07/unit_icon_0090_1_5.png,https://summonerswarskyarena.info/wp-content/uploads/2023/07/unit_icon_0090_1_5.png,https://summonerswarskyarena.info/monster/espresso-cookie-dark-espresso-cookie-review/,,12,https://summonerswarskyarena.info/monster-list/
273,5,Attack,Hell Lady,Wind,Ethna,https://summonerswarskyarena.info/wp-content/uploads/2014/12/Ethna-Wind.png,https://summonerswarskyarena.info/wp-content/uploads/2014/12/Hell-Lady-Wind.png,https://summonerswarskyarena.info/monster/ethna-wind-hell-lady-review/,20 10 15 5,14,https://summonerswarskyarena.info/monster-list/
274,5,HP,Dokkaebi Lord,Light,Euldong,https://summonerswarskyarena.info/wp-content/uploads/2023/10/unit_icon_0133_1_4.png,https://summonerswarskyarena.info/wp-content/uploads/2023/10/unit_icon_0133_0_4.png,https://summonerswarskyarena.info/monster/euldong-light-dokkaebi-lord-review/,5 15 10 20,11,https://summonerswarskyarena.info/monster-list/
275,4,Support,Dokkaebi Princess and Sapsaree,Light,Eunbee and Sapsaree,https://summonerswarskyarena.info/wp-content/uploads/2023/10/unit_icon_0132_1_4.png,https://summonerswarskyarena.info/wp-content/uploads/2023/10/unit_icon_0132_0_4.png,https://summonerswarskyarena.info/monster/eunbee-and-sapsaree-light-dokkaebi-princess-and-sapsaree-review/,15 5 20 10,10,https://summonerswarskyarena.info/monster-list/
276,4,Attack,Pierret,Light,Eva,https://summonerswarskyarena.info/wp-content/uploads/2017/01/Eva_Icon.png,https://summonerswarskyarena.info/wp-content/uploads/2017/01/Pierret_Light_Icon.png,https://summonerswarskyarena.info/monster/eva-light-pierret-review/,10 20 5 15,10,https://summonerswarskyarena.info/monster-list/
277,4,Attack,Steel Commander,Dark,Evan,https://summonerswarskyarena.info/wp-content/uploads/2023/07/unit_icon_0114_1_5.png,https://summonerswarskyarena.info/wp-content/uploads/2023/07/unit_icon_0114_0_5.png,https://summonerswarskyarena.info/monster/evan-dark-steel-commander-review/,15 10 15 12,13,https://summonerswarskyarena.info/monster-list/
278,5,Attack,Ezio,Fire,Ezio,https://summonerswarskyarena.info/wp-content/uploads/2023/07/unit_icon_0109_1_2.png,https://summonerswarskyarena.info/wp-content/uploads/2023/07/unit_icon_0109_1_2.png,https://summonerswarskyarena.info/monster/ezio-fire-ezio-review/,,11,https://summonerswarskyarena.info/monster-list/
279,5,Attack,Ezio,Water,Ezio,https://summonerswarskyarena.info/wp-content/uploads/2023/07/unit_icon_0109_1_1.png,https://summonerswarskyarena.info/wp-content/uploads/2023/07/unit_icon_0109_1_1.png,https://summonerswarskyarena.info/monster/ezio-water-ezio-review/,,11,https://summonerswarskyarena.info/monster-list/
280,4,Attack,Ezio,Wind,Ezio,https://summonerswarskyarena.info/wp-content/uploads/2023/07/unit_icon_0109_1_3.png,https://summonerswarskyarena.info/wp-content/uploads/2023/07/unit_icon_0109_1_3.png,https://summonerswarskyarena.info/monster/ezio-wind-ezio-review/,,13,https://summonerswarskyarena.info/monster-list/
281,5,Attack,Ezio,Light,Ezio,https://summonerswarskyarena.info/wp-content/uploads/2023/07/unit_icon_0109_1_4.png,https://summonerswarskyarena.info/wp-content/uploads/2023/07/unit_icon_0109_1_4.png,https://summonerswarskyarena.info/monster/ezio-light-ezio-review/,,11,https://summonerswarskyarena.info/monster-list/
282,4,Attack,Ezio,Dark,Ezio,https://summonerswarskyarena.info/wp-content/uploads/2023/07/unit_icon_0109_1_5.png,https://summonerswarskyarena.info/wp-content/uploads/2023/07/unit_icon_0109_1_5.png,https://summonerswarskyarena.info/monster/ezio-dark-ezio-review/,,13,https://summonerswarskyarena.info/monster-list/
283,3,Attack,Imp Champion,Fire,Fairo,https://summonerswarskyarena.info/wp-content/uploads/2014/12/Fairo-Fire.png,https://summonerswarskyarena.info/wp-content/uploads/2014/12/Imp-Champion-Fire.png,https://summonerswarskyarena.info/monster/fairo-fire-imp-champion-review/,15 10 10 5,13,https://summonerswarskyarena.info/monster-list/
284,3,Attack,Magical Archer,Light,Fami,https://summonerswarskyarena.info/wp-content/uploads/2017/01/Fami_Icon.png,https://summonerswarskyarena.info/wp-content/uploads/2017/01/Magical_Archer_Fami_Light_Icon.png,https://summonerswarskyarena.info/monster/fami-light-magical-archer-review/,20 5 15 5,15,https://summonerswarskyarena.info/monster-list/
285,3,HP,Serpent,Fire,Fao,https://summonerswarskyarena.info/wp-content/uploads/2017/03/unit_icon_0005_1_0.png,https://summonerswarskyarena.info/wp-content/uploads/2017/03/unit_icon_0004_1_4.png,https://summonerswarskyarena.info/monster/fao-fire-serpent-review/,15 10 10 5,11,https://summonerswarskyarena.info/monster-list/
286,5,Attack,Gladiatrix,Fire,Federica,https://summonerswarskyarena.info/wp-content/uploads/2023/07/unit_icon_0116_1_2.png,https://summonerswarskyarena.info/wp-content/uploads/2023/07/unit_icon_0116_0_2.png,https://summonerswarskyarena.info/monster/federica-fire-gladiatrix-review/,15 10 15 12,11,https://summonerswarskyarena.info/monster-list/
287,4,Support,Death Knight,Water,Fedora,https://summonerswarskyarena.info/wp-content/uploads/2017/01/Fedora_Icon-1.png,https://summonerswarskyarena.info/wp-content/uploads/2017/01/Death_Knight_Water_Icon.png,https://summonerswarskyarena.info/monster/fedora-water-death-knight-review/,10 20 5 15,11,https://summonerswarskyarena.info/monster-list/
288,4,Attack,Kung Fu Girl,Dark,Fei,https://summonerswarskyarena.info/wp-content/uploads/2014/10/Fei-Dark.png,https://summonerswarskyarena.info/wp-content/uploads/2014/10/Kung-Fu-Girl-Dark.png,https://summonerswarskyarena.info/monster/fei-dark-kung-fu-girl-review/,10 20 5 15,12,https://summonerswarskyarena.info/monster-list/
289,4,Support,Dryad,Light,Felleria,https://summonerswarskyarena.info/wp-content/uploads/2018/09/Felleria_Icon.png,https://summonerswarskyarena.info/wp-content/uploads/2018/09/Dryad_Light_Icon.png,https://summonerswarskyarena.info/monster/felleria-light-dryad-review/,10 20 5 15,12,https://summonerswarskyarena.info/monster-list/
290,5,Defense,Panda Warrior,Wind,Feng Yan,https://summonerswarskyarena.info/wp-content/uploads/2017/03/Feng_Yan_Icon.png,https://summonerswarskyarena.info/wp-content/uploads/2016/05/Panda-Warrior-Wind.png,https://summonerswarskyarena.info/monster/feng-yan-wind-panda-warrior-review/,20 10 15 5,11,https://summonerswarskyarena.info/monster-list/
291,5,Defense,Archangel,Dark,Fermion,https://summonerswarskyarena.info/wp-content/uploads/2017/02/Fermion_Icon.png,https://summonerswarskyarena.info/wp-content/uploads/2017/02/Archangel_Dark_Icon.png,https://summonerswarskyarena.info/monster/fermion-dark-archangel-review/,20 10 15 5,7,https://summonerswarskyarena.info/monster-list/
292,4,HP,Joker,Light,Figaro,https://summonerswarskyarena.info/wp-content/uploads/2017/01/Figaro_Icon.png,https://summonerswarskyarena.info/wp-content/uploads/2017/01/Joker_Light_Icon.png,https://summonerswarskyarena.info/monster/figaro-light-joker/,10 20 5 15,9,https://summonerswarskyarena.info/monster-list/
293,4,Attack,Magic Order Swordsinger,Dark,Fiona,https://summonerswarskyarena.info/wp-content/uploads/2024/06/unit_icon_0151_1_5_fiona2.png,https://summonerswarskyarena.info/wp-content/uploads/2024/06/unit_icon_0151_0_5_fiona.png,https://summonerswarskyarena.info/monster/fiona-dark-magic-order-swordsinger-review/,12 15 10 15,12,https://summonerswarskyarena.info/monster-list/
294,3,Support,Fairy Queen,Light,Fran,https://summonerswarskyarena.info/wp-content/uploads/2015/06/Fran-Light.png,https://summonerswarskyarena.info/wp-content/uploads/2015/06/Fairy-Queen-Light.png,https://summonerswarskyarena.info/monster/light-fairy-queen-fran/,5 10 10 15,16,https://summonerswarskyarena.info/monster-list/
295,5,Attack,Dual Blade,Light,Frederic,https://summonerswarskyarena.info/wp-content/uploads/2023/07/unit_icon_0113_1_4.png,https://summonerswarskyarena.info/wp-content/uploads/2023/07/unit_icon_0113_0_4.png,https://summonerswarskyarena.info/monster/frederic-light-dual-blade-review/,5 15 10 20,10,https://summonerswarskyarena.info/monster-list/
296,4,Support,Sylphid,Fire,Fria,https://summonerswarskyarena.info/wp-content/uploads/2017/01/Fria_Icon.png,https://summonerswarskyarena.info/wp-content/uploads/2017/01/Sylphid_Fire_Icon.png,https://summonerswarskyarena.info/monster/fria-fire-sylphid-review/,10 20 5 15,9,https://summonerswarskyarena.info/monster-list/
297,5,Defense,Drakan Warrior,Light,Fridrion,https://summonerswarskyarena.info/wp-content/uploads/2024/10/unit_icon_0161_0_4_fridrion2.png,https://summonerswarskyarena.info/wp-content/uploads/2024/10/unit_icon_0161_0_4_fridrion.png,https://summonerswarskyarena.info/monster/fridrion-light-drakan-warrior-review/,15 5 20 10,10,https://summonerswarskyarena.info/monster-list/
298,4,Support,Pirate Captain,Dark,Frigate,https://summonerswarskyarena.info/wp-content/uploads/2015/06/Frigate-Dark.png,https://summonerswarskyarena.info/wp-content/uploads/2015/06/Pirate-Captain-Dark.png,https://summonerswarskyarena.info/monster/frigate-dark-pirate-captain-review/,10 20 5 15,11,https://summonerswarskyarena.info/monster-list/
299,5,Support,Frodo,Water,Frodo,https://summonerswarskyarena.info/wp-content/uploads/2026/01/unit_icon_0203_1_1_Frodo.png,https://summonerswarskyarena.info/wp-content/uploads/2026/01/unit_icon_0203_1_1_Frodo.png,https://summonerswarskyarena.info/monster/frodo-water-frodo-review/,,11,https://summonerswarskyarena.info/monster-list/
300,4,HP,Lich,Wind,Fuco,https://summonerswarskyarena.info/wp-content/uploads/2017/01/Fuco_Icon.png,https://summonerswarskyarena.info/wp-content/uploads/2017/01/Lich_Wind_Icon.png,https://summonerswarskyarena.info/monster/fuco-wind-lich-review/,10 20 5 15,10,https://summonerswarskyarena.info/monster-list/
301,4,Attack,Choco Knight,Light,Fudge,https://summonerswarskyarena.info/wp-content/uploads/2023/07/unit_icon_0098_1_4.png,https://summonerswarskyarena.info/wp-content/uploads/2023/07/unit_icon_0098_0_4.png,https://summonerswarskyarena.info/monster/fudge-light-choco-knight-review/,15 5 20 10,9,https://summonerswarskyarena.info/monster-list/
302,4,HP,Onimusha,Wind,Fuuki,https://summonerswarskyarena.info/wp-content/uploads/2021/02/fuuki.png,https://summonerswarskyarena.info/wp-content/uploads/2021/02/wind-onimusha.png,https://summonerswarskyarena.info/monster/fuuki-wind-onimusha-review/,15 7 15 12,10,https://summonerswarskyarena.info/monster-list/
303,2,Attack,Imp,Water,Fynn,https://summonerswarskyarena.info/wp-content/uploads/2016/07/Fynn-Water.png,https://summonerswarskyarena.info/wp-content/uploads/2016/07/Imp-Water.png,https://summonerswarskyarena.info/monster/fynn-water-imp-review/,20 15,15,https://summonerswarskyarena.info/monster-list/
304,4,HP,Pirate Captain,Water,Galleon,https://summonerswarskyarena.info/wp-content/uploads/2015/06/Galleon-Water.png,https://summonerswarskyarena.info/wp-content/uploads/2015/06/Pirate-Captain-Water.png,https://summonerswarskyarena.info/monster/galleon-water-pirate-captain-review/,10 20 5 15,12,https://summonerswarskyarena.info/monster-list/
305,2,Attack,Hellhound,Wind,Gamir,https://summonerswarskyarena.info/wp-content/uploads/2018/06/Gamir_Icon.png,https://summonerswarskyarena.info/wp-content/uploads/2018/06/Hellhound_Wind_Icon.png,https://summonerswarskyarena.info/monster/gamir-wind-hellhound-review/,2 15 15,10,https://summonerswarskyarena.info/monster-list/
306,4,Attack,Choco Knight,Water,Ganache,https://summonerswarskyarena.info/wp-content/uploads/2023/07/unit_icon_0098_1_1.png,https://summonerswarskyarena.info/wp-content/uploads/2023/07/unit_icon_0098_0_1.png,https://summonerswarskyarena.info/monster/ganache-water-choco-knight-review/,15 5 20 10,10,https://summonerswarskyarena.info/monster-list/
307,5,Support,Gandalf,Water,Gandalf,https://summonerswarskyarena.info/wp-content/uploads/2026/01/unit_icon_0204_1_1_Gandalf.png,https://summonerswarskyarena.info/wp-content/uploads/2026/01/unit_icon_0204_1_1_Gandalf.png,https://summonerswarskyarena.info/monster/gandalf-water-gandalf-review/,,9,https://summonerswarskyarena.info/monster-list/
308,5,Support,Gandalf,Fire,Gandalf,https://summonerswarskyarena.info/wp-content/uploads/2026/01/unit_icon_0204_1_2_Gandalf.png,https://summonerswarskyarena.info/wp-content/uploads/2026/01/unit_icon_0204_1_2_Gandalf.png,https://summonerswarskyarena.info/monster/gandalf-fire-gandalf-review/,,12,https://summonerswarskyarena.info/monster-list/
309,5,Support,Gandalf,Wind,Gandalf,https://summonerswarskyarena.info/wp-content/uploads/2026/01/unit_icon_0204_1_3_Gandalf.png,https://summonerswarskyarena.info/wp-content/uploads/2026/01/unit_icon_0204_1_3_Gandalf.png,https://summonerswarskyarena.info/monster/gandalf-wind-gandalf-review/,,9,https://summonerswarskyarena.info/monster-list/
310,5,Support,Gandalf,Light,Gandalf,https://summonerswarskyarena.info/wp-content/uploads/2026/01/unit_icon_0204_1_4_Gandalf.png,https://summonerswarskyarena.info/wp-content/uploads/2026/01/unit_icon_0204_1_4_Gandalf.png,https://summonerswarskyarena.info/monster/gandalf-light-gandalf-review/,,11,https://summonerswarskyarena.info/monster-list/
311,5,Support,Gandalf,Dark,Gandalf,https://summonerswarskyarena.info/wp-content/uploads/2026/01/unit_icon_0204_1_5_Gandalf.png,https://summonerswarskyarena.info/wp-content/uploads/2026/01/unit_icon_0204_1_5_Gandalf.png,https://summonerswarskyarena.info/monster/gandalf-dark-gandalf-review/,,12,https://summonerswarskyarena.info/monster-list/
312,3,Attack,Beast Hunter,Water,Gangchun,https://summonerswarskyarena.info/wp-content/uploads/2015/01/gangchun.png,https://summonerswarskyarena.info/wp-content/uploads/2015/01/beast-hunter-water.png,https://summonerswarskyarena.info/monster/gangchun-water-beast-hunter-review/,15 10 10 5,9,https://summonerswarskyarena.info/monster-list/
313,5,Support,Fairy King,Wind,Ganymede,https://summonerswarskyarena.info/wp-content/uploads/2016/02/Ganymede-Wind.png,https://summonerswarskyarena.info/wp-content/uploads/2016/02/Fairy-King-Wind.png,https://summonerswarskyarena.info/monster/ganymede-wind-fairy-king-review/,20 10 15 5,11,https://summonerswarskyarena.info/monster-list/
314,5,HP,Dokkaebi Lord,Dark,Gapsoo,https://summonerswarskyarena.info/wp-content/uploads/2023/10/unit_icon_0133_1_5.png,https://summonerswarskyarena.info/wp-content/uploads/2023/10/unit_icon_0133_0_5.png,https://summonerswarskyarena.info/monster/gapsoo-dark-dokkaebi-lord-review/,5 15 10 20,12,https://summonerswarskyarena.info/monster-list/
315,4,Attack,Ninja,Fire,Garo,https://summonerswarskyarena.info/wp-content/uploads/2017/01/Garo_Icon.png,https://summonerswarskyarena.info/wp-content/uploads/2017/01/Ninja_Fire_Icon.png,https://summonerswarskyarena.info/monster/garo-fire-ninja-review/,10 20 5 15,10,https://summonerswarskyarena.info/monster-list/
316,3,HP,Werewolf,Fire,Garoche,https://summonerswarskyarena.info/wp-content/uploads/2016/12/Garoche_Icon.png,https://summonerswarskyarena.info/wp-content/uploads/2016/12/Werewolf_Fire_Icon.png,https://summonerswarskyarena.info/monster/garoche-fire-werewolf-review/,15 10 10 5,9,https://summonerswarskyarena.info/monster-list/
317,2,Attack,Imp,Dark,Garok,https://summonerswarskyarena.info/wp-content/uploads/2016/07/Garok-Dark.png,https://summonerswarskyarena.info/wp-content/uploads/2016/07/Imp-Dark.png,https://summonerswarskyarena.info/monster/garok-dark-imp-review/,20 15,12,https://summonerswarskyarena.info/monster-list/
318,5,HP,Lightning Emperor,Light,Geldnir,https://summonerswarskyarena.info/wp-content/uploads/2018/10/Geldnir_Icon.png,https://summonerswarskyarena.info/wp-content/uploads/2018/10/Lightning_Emperor_Light_Icon.png,https://summonerswarskyarena.info/monster/geldnir-light-lightning-emperor-review/,20 10 15 5,11,https://summonerswarskyarena.info/monster-list/
319,4,Attack,Brownie Magician,Light,Gemini,https://summonerswarskyarena.info/wp-content/uploads/2014/12/Gemini-Light.png,https://summonerswarskyarena.info/wp-content/uploads/2014/12/Brownie-Magician-Light.png,https://summonerswarskyarena.info/monster/gemini-light-brownie-magician-review/,10 20 5 15,8,https://summonerswarskyarena.info/monster-list/
320,3,Defense,Viking,Fire,Geoffrey,https://summonerswarskyarena.info/wp-content/uploads/2016/12/Geoffrey_Icon.png,https://summonerswarskyarena.info/wp-content/uploads/2016/12/Viking_Fire_Icon.png,https://summonerswarskyarena.info/monster/geoffrey-fire-viking-review/,5 15 5 10,11,https://summonerswarskyarena.info/monster-list/
321,5,Attack,Geralt,Water,Geralt,https://summonerswarskyarena.info/wp-content/uploads/2024/01/unit_icon_0141_1_1.png,https://summonerswarskyarena.info/wp-content/uploads/2024/01/unit_icon_0141_1_1.png,https://summonerswarskyarena.info/monster/geralt-water-geralt-review/,,11,https://summonerswarskyarena.info/monster-list/
322,5,Attack,Geralt,Fire,Geralt,https://summonerswarskyarena.info/wp-content/uploads/2024/01/unit_icon_0141_1_2.png,https://summonerswarskyarena.info/wp-content/uploads/2024/01/unit_icon_0141_1_2.png,https://summonerswarskyarena.info/monster/geralt-fire-geralt-review/,,11,https://summonerswarskyarena.info/monster-list/
323,5,HP,Geralt,Wind,Geralt,https://summonerswarskyarena.info/wp-content/uploads/2024/01/unit_icon_0141_1_3.png,https://summonerswarskyarena.info/wp-content/uploads/2024/01/unit_icon_0141_1_3.png,https://summonerswarskyarena.info/monster/geralt-wind-geralt-review/,,10,https://summonerswarskyarena.info/monster-list/
324,5,Attack,Geralt,Light,Geralt,https://summonerswarskyarena.info/wp-content/uploads/2024/01/unit_icon_0141_1_4.png,https://summonerswarskyarena.info/wp-content/uploads/2024/01/unit_icon_0141_1_4.png,https://summonerswarskyarena.info/monster/geralt-light-geralt-review/,,9,https://summonerswarskyarena.info/monster-list/
325,5,HP,Geralt,Dark,Geralt,https://summonerswarskyarena.info/wp-content/uploads/2024/01/unit_icon_0141_1_5.png,https://summonerswarskyarena.info/wp-content/uploads/2024/01/unit_icon_0141_1_5.png,https://summonerswarskyarena.info/monster/geralt-dark-geralt-review/,,10,https://summonerswarskyarena.info/monster-list/
326,5,Attack,Oracle,Dark,Giana,https://summonerswarskyarena.info/wp-content/uploads/2017/02/Giana_Icon.png,https://summonerswarskyarena.info/wp-content/uploads/2017/02/Oracle_Dark_Icon.png,https://summonerswarskyarena.info/monster/giana-dark-oracle-review/,20 10 15 5,11,https://summonerswarskyarena.info/monster-list/
327,5,Defense,Beetle Guardian,Water,Gideon,https://summonerswarskyarena.info/wp-content/uploads/2025/04/unit_icon_0177_0_1_gideon2.png,https://summonerswarskyarena.info/wp-content/uploads/2025/04/unit_icon_0177_0_1_gideon.png,https://summonerswarskyarena.info/monster/gideon-water-beetle-guardian-review/,5 15 10 20,8,https://summonerswarskyarena.info/monster-list/
328,4,Attack,Taoist,Water,Gildong,https://summonerswarskyarena.info/wp-content/uploads/2015/01/gildong.png,https://summonerswarskyarena.info/wp-content/uploads/2015/01/taoist-water.png,https://summonerswarskyarena.info/monster/gildong-water-taoist-review/,20 5 15 5,16,https://summonerswarskyarena.info/monster-list/
329,4,Attack,Ninja,Light,Gin,https://summonerswarskyarena.info/wp-content/uploads/2017/01/Gin_Icon.png,https://summonerswarskyarena.info/wp-content/uploads/2017/01/Ninja_Light_Icon.png,https://summonerswarskyarena.info/monster/gin-light-ninja-review/,10 20 5 15,12,https://summonerswarskyarena.info/monster-list/
330,3,Attack,Mystic Witch,Dark,Gina,https://summonerswarskyarena.info/wp-content/uploads/2017/01/Gina_Icon.png,https://summonerswarskyarena.info/wp-content/uploads/2017/01/Mystic_Witch_Dark_Icon.png,https://summonerswarskyarena.info/monster/gina-dark-mystic-witch-review/,15 10 10 5,15,https://summonerswarskyarena.info/monster-list/
331,5,Attack,GingerBrave,Wind,GingerBrave,https://summonerswarskyarena.info/wp-content/uploads/2023/07/unit_icon_0089_1_3.png,https://summonerswarskyarena.info/wp-content/uploads/2023/07/unit_icon_0089_1_3.png,https://summonerswarskyarena.info/monster/gingerbrave-wind-gingerbrave-review/,,9,https://summonerswarskyarena.info/monster-list/
332,4,Support,Exorcist Association Conjurer,Light,Ginjo,https://summonerswarskyarena.info/wp-content/uploads/2024/11/unit_icon_0165_1_4_ginjo.png,https://summonerswarskyarena.info/wp-content/uploads/2024/11/unit_icon_0165_1_4_ginjo.png,https://summonerswarskyarena.info/monster/ginjo-light-exorcist-association-conjurer-review/,,12,https://summonerswarskyarena.info/monster-list/
333,5,Support,Onmyouji,Wind,Giou,https://summonerswarskyarena.info/wp-content/uploads/2021/03/giou.png,https://summonerswarskyarena.info/wp-content/uploads/2021/03/wind-onmyouji.png,https://summonerswarskyarena.info/monster/giou-wind-onmyouji-review/,5 15 10 20,9,https://summonerswarskyarena.info/monster-list/
334,5,Defense,Macaron Guard,Dark,Giselle,https://summonerswarskyarena.info/wp-content/uploads/2023/07/unit_icon_0097_1_5.png,https://summonerswarskyarena.info/wp-content/uploads/2023/07/unit_icon_0097_0_5.png,https://summonerswarskyarena.info/monster/giselle-dark-macaron-guard-review/,5 15 10 20,10,https://summonerswarskyarena.info/monster-list/
335,3,Defense,Lizardman,Light,Glinodon,https://summonerswarskyarena.info/wp-content/uploads/2014/10/Glinodon-Light.png,https://summonerswarskyarena.info/wp-content/uploads/2014/10/Lizardman-Light.png,https://summonerswarskyarena.info/monster/glinodon-light-lizardman-review/,15 10 10 5,10,https://summonerswarskyarena.info/monster-list/
336,4,Attack,Gollum,Water,Gollum,https://summonerswarskyarena.info/wp-content/uploads/2026/01/unit_icon_0207_1_1_Gollum.png,https://summonerswarskyarena.info/wp-content/uploads/2026/01/unit_icon_0207_1_1_Gollum.png,https://summonerswarskyarena.info/monster/gollum-water-gollum-review/,,10,https://summonerswarskyarena.info/monster-list/
337,4,Attack,Gollum,Fire,Gollum,https://summonerswarskyarena.info/wp-content/uploads/2026/01/unit_icon_0207_1_2_Gollum.png,https://summonerswarskyarena.info/wp-content/uploads/2026/01/unit_icon_0207_1_2_Gollum.png,https://summonerswarskyarena.info/monster/gollum-fire-gollum-review/,,9,https://summonerswarskyarena.info/monster-list/
338,4,Attack,Gollum,Wind,Gollum,https://summonerswarskyarena.info/wp-content/uploads/2026/01/unit_icon_0207_1_3_Gollum.png,https://summonerswarskyarena.info/wp-content/uploads/2026/01/unit_icon_0207_1_3_Gollum.png,https://summonerswarskyarena.info/monster/gollum-wind-gollum-review/,,11,https://summonerswarskyarena.info/monster-list/
339,4,Attack,Gollum,Light,Gollum,https://summonerswarskyarena.info/wp-content/uploads/2026/01/unit_icon_0207_1_4_Gollum.png,https://summonerswarskyarena.info/wp-content/uploads/2026/01/unit_icon_0207_1_4_Gollum.png,https://summonerswarskyarena.info/monster/gollum-light-gollum-review/,,11,https://summonerswarskyarena.info/monster-list/
340,4,Attack,Gollum,Dark,Gollum,https://summonerswarskyarena.info/wp-content/uploads/2026/01/unit_icon_0207_1_5_Gollum.png,https://summonerswarskyarena.info/wp-content/uploads/2026/01/unit_icon_0207_1_5_Gollum.png,https://summonerswarskyarena.info/monster/gollum-dark-gollum-review/,,10,https://summonerswarskyarena.info/monster-list/
341,2,HP,Warbear,Dark,Gorgo,https://summonerswarskyarena.info/wp-content/uploads/2018/06/Gorgo_Icon.png,https://summonerswarskyarena.info/wp-content/uploads/2018/06/Warbear_Dark_Icon.png,https://summonerswarskyarena.info/monster/gorgo-dark-warbear-review/,5 15 5 10,13,https://summonerswarskyarena.info/monster-list/
342,3,HP,Battle Mammoth,Fire,Granite,https://summonerswarskyarena.info/wp-content/uploads/2015/03/Granite-Fire.png,https://summonerswarskyarena.info/wp-content/uploads/2015/03/Battle-Mammoth-Fire.png,https://summonerswarskyarena.info/monster/granite-fire-battle-mammoth-review/,15 10 10 5,16,https://summonerswarskyarena.info/monster-list/
343,4,HP,Lich,Dark,Grego,https://summonerswarskyarena.info/wp-content/uploads/2017/01/Grego_Icon.png,https://summonerswarskyarena.info/wp-content/uploads/2017/01/Lich_Dark_Icon.png,https://summonerswarskyarena.info/monster/grego-dark-lich-review/,10 20 5 15,10,https://summonerswarskyarena.info/monster-list/
344,5,Support,Magic Order Elementalist,Light,Groa,https://summonerswarskyarena.info/wp-content/uploads/2024/06/unit_icon_0153_1_4_groa2.png,https://summonerswarskyarena.info/wp-content/uploads/2024/06/unit_icon_0153_0_4_groa.png,https://summonerswarskyarena.info/monster/groa-light-magic-order-elementalist-review/,12 15 10 15,10,https://summonerswarskyarena.info/monster-list/
345,5,Attack,Dragon,Dark,Grogen,https://summonerswarskyarena.info/wp-content/uploads/2017/02/Grogen_Icon.png,https://summonerswarskyarena.info/wp-content/uploads/2017/02/Dragon_Dark_Icon.png,https://summonerswarskyarena.info/monster/grogen-dark-dragon-review/,20 10 15 5,11,https://summonerswarskyarena.info/monster-list/
346,3,Defense,Golem,Light,Groggo,https://summonerswarskyarena.info/wp-content/uploads/2018/06/Groggo_Icon-1.png,https://summonerswarskyarena.info/wp-content/uploads/2018/06/Golem_Light_Icon-1.png,https://summonerswarskyarena.info/monster/groggo-light-golem-review/,15 10 10 5,7,https://summonerswarskyarena.info/monster-list/
347,4,HP,Tomb Warden,Wind,Gronn,https://summonerswarskyarena.info/wp-content/uploads/2024/12/unit_icon_0176_0_3_gronn2.png,https://summonerswarskyarena.info/wp-content/uploads/2024/12/unit_icon_0176_0_3_gronn.png,https://summonerswarskyarena.info/monster/gronn-wind-tomb-warden-review/,5 15 10 20,10,https://summonerswarskyarena.info/monster-list/
348,3,HP,Minotauros,Light,Grotau,https://summonerswarskyarena.info/wp-content/uploads/2017/01/Grotau_Icon.png,https://summonerswarskyarena.info/wp-content/uploads/2014/10/Minotauros-Light.png,https://summonerswarskyarena.info/monster/grotau-light-minotauros-review/,15 10 10 5,9,https://summonerswarskyarena.info/monster-list/
349,3,HP,Bearman,Water,Gruda,https://summonerswarskyarena.info/wp-content/uploads/2016/12/Gruda_Icon.png,https://summonerswarskyarena.info/wp-content/uploads/2016/12/Bearman_Water_Icon.png,https://summonerswarskyarena.info/monster/gruda-water-bearman-review/,15 10 10 5,10,https://summonerswarskyarena.info/monster-list/
350,4,Attack,Phantom Thief,Dark,Guillaume,https://summonerswarskyarena.info/wp-content/uploads/2017/01/Guillaume_Icon.png,https://summonerswarskyarena.info/wp-content/uploads/2017/01/Phantom_Thief_Dark_Icon.png,https://summonerswarskyarena.info/monster/guillaume-dark-phantom-thief-review/,10 20 5 15,9,https://summonerswarskyarena.info/monster-list/
351,3,Attack,Taoist,Fire,Gunpyeong,https://summonerswarskyarena.info/wp-content/uploads/2015/01/gunpyeong.png,https://summonerswarskyarena.info/wp-content/uploads/2015/01/taoist-fire.png,https://summonerswarskyarena.info/monster/gunpyeong-fire-taoist-review/,20 5 15 5,13,https://summonerswarskyarena.info/monster-list/
352,5,HP,Slayer,Dark,Gurkha,https://summonerswarskyarena.info/wp-content/uploads/2020/11/gurkha.png,https://summonerswarskyarena.info/wp-content/uploads/2020/11/dark-slayer.png,https://summonerswarskyarena.info/monster/gurkha-dark-slayer-review/,5 15 10 20,10,https://summonerswarskyarena.info/monster-list/
353,4,Attack,Exorcist Association Fighter,Light,Guy,https://summonerswarskyarena.info/wp-content/uploads/2024/11/unit_icon_0163_1_4_Guy.png,https://summonerswarskyarena.info/wp-content/uploads/2024/11/unit_icon_0163_1_4_Guy.png,https://summonerswarskyarena.info/monster/guy-light-exorcist-association-fighter-review/,,10,https://summonerswarskyarena.info/monster-list/
354,5,Defense,Gyomei Himejima,Wind,Gyomei Himejima,https://summonerswarskyarena.info/wp-content/uploads/2025/01/unit_icon_0171_1_3_Gyomei.png,https://summonerswarskyarena.info/wp-content/uploads/2025/01/unit_icon_0171_1_3_Gyomei.png,https://summonerswarskyarena.info/monster/gyomei-himejima-wind-gyomei-himejima-review/,,11,https://summonerswarskyarena.info/monster-list/
355,5,Support,Art Master,Water,Haegang,https://summonerswarskyarena.info/wp-content/uploads/2020/06/haegang.png,https://summonerswarskyarena.info/wp-content/uploads/2020/06/water-art-master.png,https://summonerswarskyarena.info/monster/haegang-water-art-master-review/,5 15 10 20,10,https://summonerswarskyarena.info/monster-list/
356,3,HP,Bearman,Dark,Haken,https://summonerswarskyarena.info/wp-content/uploads/2017/01/Haken_Icon.png,https://summonerswarskyarena.info/wp-content/uploads/2017/01/Bearman_Dark_Icon.png,https://summonerswarskyarena.info/monster/haken-dark-bearman-review/,15 10 10 5,12,https://summonerswarskyarena.info/monster-list/
357,4,Defense,Lich,Light,Halphas,https://summonerswarskyarena.info/wp-content/uploads/2017/01/Halphas_Icon.png,https://summonerswarskyarena.info/wp-content/uploads/2017/01/Lich_Light_Icon.png,https://summonerswarskyarena.info/monster/halphas-light-lich-review/,10 20 5 15,9,https://summonerswarskyarena.info/monster-list/
358,5,HP,Ninja,Dark,Han,https://summonerswarskyarena.info/wp-content/uploads/2017/02/Han_Icon.png,https://summonerswarskyarena.info/wp-content/uploads/2017/02/Ninja_Dark_Icon.png,https://summonerswarskyarena.info/monster/han-dark-ninja-review/,10 20 5 15,13,https://summonerswarskyarena.info/monster-list/
359,3,Attack,Cow Girl,Wind,Hannah,https://summonerswarskyarena.info/wp-content/uploads/2015/03/Hannah-Wind.png,https://summonerswarskyarena.info/wp-content/uploads/2015/03/Cow-Girl-Wind.png,https://summonerswarskyarena.info/monster/hannah-wind-cow-girl-review/,15 10 10 5,14,https://summonerswarskyarena.info/monster-list/
360,3,Attack,Beast Hunter,Dark,Hanra,https://summonerswarskyarena.info/wp-content/uploads/2015/01/hannam.png,https://summonerswarskyarena.info/wp-content/uploads/2015/01/beast-hunter-dark.png,https://summonerswarskyarena.info/monster/hannam-dark-beast-hunter-review/,15 10 10 5,13,https://summonerswarskyarena.info/monster-list/
361,5,Attack,Art Master,Light,Hanwul,https://summonerswarskyarena.info/wp-content/uploads/2020/06/hanwul.png,https://summonerswarskyarena.info/wp-content/uploads/2020/06/light-art-master.png,https://summonerswarskyarena.info/monster/hanwul-light-art-master-review/,5 15 10 20,11,https://summonerswarskyarena.info/monster-list/
362,4,Support,Harp Magician,Fire,Harmonia,https://summonerswarskyarena.info/wp-content/uploads/2017/01/Harmonia_Icon.png,https://summonerswarskyarena.info/wp-content/uploads/2017/01/Harp_Magician_Fire_Icon.png,https://summonerswarskyarena.info/monster/harmonia-fire-harp-magician-review/,12 15 10 15,12,https://summonerswarskyarena.info/monster-list/
363,5,Attack,Exorcist Association Resolver,Fire,Hartmann,https://summonerswarskyarena.info/wp-content/uploads/2024/11/unit_icon_0166_1_2_hartmann.png,https://summonerswarskyarena.info/wp-content/uploads/2024/11/unit_icon_0166_1_2_hartmann.png,https://summonerswarskyarena.info/monster/hartmann-fire-exorcist-association-resolver-review/,,9,https://summonerswarskyarena.info/monster-list/
364,5,HP,Exorcist Association Hunter,Light,Haruka,https://summonerswarskyarena.info/wp-content/uploads/2024/11/unit_icon_0164_1_3_haruka.png,https://summonerswarskyarena.info/wp-content/uploads/2024/11/unit_icon_0164_1_3_haruka.png,https://summonerswarskyarena.info/monster/haruka-light-exorcist-association-hunter-review/,,10,https://summonerswarskyarena.info/monster-list/
365,5,Support,Desert Queen,Wind,Hathor,https://summonerswarskyarena.info/wp-content/uploads/2015/10/Hathor-Wind.png,https://summonerswarskyarena.info/wp-content/uploads/2015/10/Desert-Queen-Wind.png,https://summonerswarskyarena.info/monster/hathor-wind-desert-queen-review/,20 10 15 5,12,https://summonerswarskyarena.info/monster-list/
366,5,Attack,Exorcist Association Arbiter,Dark,Hayato,https://summonerswarskyarena.info/wp-content/uploads/2024/11/unit_icon_0162_1_5_hayato.png,https://summonerswarskyarena.info/wp-content/uploads/2024/11/unit_icon_0162_1_5_hayato.png,https://summonerswarskyarena.info/monster/hayato-dark-exorcist-association-arbiter-review/,,10,https://summonerswarskyarena.info/monster-list/
367,4,Attack,Steel Commander,Wind,Hector,https://summonerswarskyarena.info/wp-content/uploads/2023/07/unit_icon_0114_1_3.png,https://summonerswarskyarena.info/wp-content/uploads/2023/07/unit_icon_0114_0_3.png,https://summonerswarskyarena.info/monster/hector-wind-steel-commander-review/,15 10 15 12,13,https://summonerswarskyarena.info/monster-list/
368,5,HP,Heihachi Mishima,Fire,Heihachi Mishima,https://summonerswarskyarena.info/wp-content/uploads/2025/07/unit_icon_0186_1_1_heihachimishima.png,https://summonerswarskyarena.info/wp-content/uploads/2025/07/unit_icon_0186_1_1_heihachimishima.png,https://summonerswarskyarena.info/monster/heihachi-mishima-fire-heihachi-mishima-review/,,12,https://summonerswarskyarena.info/monster-list/
369,4,Support,Poison Master,Light,Hekerson,https://summonerswarskyarena.info/wp-content/uploads/2020/12/hekerson.png,https://summonerswarskyarena.info/wp-content/uploads/2020/12/light-poison-master.png,https://summonerswarskyarena.info/monster/hekerson-light-poison-master-review/,15 5 20 10,12,https://summonerswarskyarena.info/monster-list/
370,5,HP,Unicorn,Fire,Helena,https://summonerswarskyarena.info/wp-content/uploads/2017/03/Helena_Icon.png,https://summonerswarskyarena.info/wp-content/uploads/2017/03/Unicorn_Fire_Icon.png,https://summonerswarskyarena.info/monster/helena-fire-unicorn-review/,20 10 15 5,11,https://summonerswarskyarena.info/monster-list/
371,3,Attack,Harpy,Dark,Hellea,https://summonerswarskyarena.info/wp-content/uploads/2016/08/Hellea-Dark.png,https://summonerswarskyarena.info/wp-content/uploads/2016/08/Harpy-Dark.png,https://summonerswarskyarena.info/monster/hellea-dark-harpy-review/,15 10 10 5,17,https://summonerswarskyarena.info/monster-list/
372,3,Attack,Grim Reaper,Water,Hemos,https://summonerswarskyarena.info/wp-content/uploads/2016/12/Hemos_Icon.png,https://summonerswarskyarena.info/wp-content/uploads/2016/12/Grim_Reaper_Water_Icon.png,https://summonerswarskyarena.info/monster/hemos-water-grim-reaper-review/,15 10 10 5,14,https://summonerswarskyarena.info/monster-list/
373,5,HP,Magic Order Guardian,Wind,Henrik,https://summonerswarskyarena.info/wp-content/uploads/2024/06/unit_icon_0150_1_3_henrik2.png,https://summonerswarskyarena.info/wp-content/uploads/2024/06/unit_icon_0150_0_3_henrik.png,https://summonerswarskyarena.info/monster/henrik-wind-magic-order-guardian-review/,20 10 15 5,10,https://summonerswarskyarena.info/monster-list/
374,4,Support,Dryad,Water,Herne,https://summonerswarskyarena.info/wp-content/uploads/2018/09/Herne_Icon.png,https://summonerswarskyarena.info/wp-content/uploads/2018/09/Dryad_Water_Icon.png,https://summonerswarskyarena.info/monster/herne-water-dryad-review/,15 5 20 10,13,https://summonerswarskyarena.info/monster-list/
375,5,Attack,Lightning Emperor,Dark,Herteit,https://summonerswarskyarena.info/wp-content/uploads/2018/10/Herteit_Icon.png,https://summonerswarskyarena.info/wp-content/uploads/2018/10/Lightning_Emperor_Dark_Icon.png,https://summonerswarskyarena.info/monster/herteit-dark-lightning-emperor-review/,20 10 15 5,8,https://summonerswarskyarena.info/monster-list/
376,4,Attack,Magic Order Enchantress,Wind,Hexarina,https://summonerswarskyarena.info/wp-content/uploads/2024/06/unit_icon_0152_1_3_hexarina2.png,https://summonerswarskyarena.info/wp-content/uploads/2024/06/unit_icon_0152_0_3_hexarina.png,https://summonerswarskyarena.info/monster/hexarina-wind-magic-order-enchantress-review/,12 15 10 15,11,https://summonerswarskyarena.info/monster-list/
377,4,Attack,Black Tea Bunny,Fire,Hibiscus,https://summonerswarskyarena.info/wp-content/uploads/2023/07/unit_icon_0100_1_2.png,https://summonerswarskyarena.info/wp-content/uploads/2023/07/unit_icon_0100_0_2.png,https://summonerswarskyarena.info/monster/hibiscus-fire-black-tea-bunny-review/,15 5 20 13,11,https://summonerswarskyarena.info/monster-list/
378,5,Attack,Magic Order Enchantress,Dark,Hilda,https://summonerswarskyarena.info/wp-content/uploads/2024/06/unit_icon_0152_1_5_hilda2.png,https://summonerswarskyarena.info/wp-content/uploads/2024/06/unit_icon_0152_0_5_hilda.png,https://summonerswarskyarena.info/monster/hilda-dark-magic-order-enchantress-review/,12 15 10 15,11,https://summonerswarskyarena.info/monster-list/
379,3,Attack,Amazon,Wind,Hina,https://summonerswarskyarena.info/wp-content/uploads/2016/12/Hina_Icon.png,https://summonerswarskyarena.info/wp-content/uploads/2016/12/Amazon_Wind_Icon.png,https://summonerswarskyarena.info/monster/hina-wind-amazon-review/,15 10 10 5,13,https://summonerswarskyarena.info/monster-list/
380,3,HP,Martial Artist,Light,Hiro,https://summonerswarskyarena.info/wp-content/uploads/2015/08/Hiro-Light.png,https://summonerswarskyarena.info/wp-content/uploads/2015/08/Martial-Artist-Light.png,https://summonerswarskyarena.info/monster/hiro-light-martial-artist-review/,15 10 10 5,17,https://summonerswarskyarena.info/monster-list/
381,4,Support,Exorcist Association Conjurer,Water,Hiroyuki,https://summonerswarskyarena.info/wp-content/uploads/2024/11/unit_icon_0165_1_1_hiroyuki.png,https://summonerswarskyarena.info/wp-content/uploads/2024/11/unit_icon_0165_1_1_hiroyuki.png,https://summonerswarskyarena.info/monster/hiroyuki-water-exorcist-association-conjurer-review/,,12,https://summonerswarskyarena.info/monster-list/
382,3,Attack,Grim Reaper,Wind,Hiva,https://summonerswarskyarena.info/wp-content/uploads/2016/12/Hiva_Icon.png,https://summonerswarskyarena.info/wp-content/uploads/2016/12/Grim_Reaper_Wind_Icon.png,https://summonerswarskyarena.info/monster/hiva-wind-grim-reaper-review/,15 10 10 5,12,https://summonerswarskyarena.info/monster-list/
383,5,Defense,Hollyberry Cookie,Fire,Hollyberry Cookie,https://summonerswarskyarena.info/wp-content/uploads/2023/07/unit_icon_0092_1_2.png,https://summonerswarskyarena.info/wp-content/uploads/2023/07/unit_icon_0092_1_2.png,https://summonerswarskyarena.info/monster/hollyberry-cookie-fire-hollyberry-cookie-review/,,11,https://summonerswarskyarena.info/monster-list/
384,5,Defense,Hollyberry Cookie,Water,Hollyberry Cookie,https://summonerswarskyarena.info/wp-content/uploads/2023/07/unit_icon_0092_1_1.png,https://summonerswarskyarena.info/wp-content/uploads/2023/07/unit_icon_0092_1_1.png,https://summonerswarskyarena.info/monster/hollyberry-cookie-water-hollyberry-cookie-review/,,11,https://summonerswarskyarena.info/monster-list/
385,5,Defense,Hollyberry Cookie,Wind,Hollyberry Cookie,https://summonerswarskyarena.info/wp-content/uploads/2023/07/unit_icon_0092_1_3.png,https://summonerswarskyarena.info/wp-content/uploads/2023/07/unit_icon_0092_1_3.png,https://summonerswarskyarena.info/monster/hollyberry-cookie-wind-hollyberry-cookie-review/,,11,https://summonerswarskyarena.info/monster-list/
386,5,Defense,Hollyberry Cookie,Light,Hollyberry Cookie,https://summonerswarskyarena.info/wp-content/uploads/2023/07/unit_icon_0092_1_4.png,https://summonerswarskyarena.info/wp-content/uploads/2023/07/unit_icon_0092_1_4.png,https://summonerswarskyarena.info/monster/hollyberry-cookie-light-hollyberry-cookie-review/,,10,https://summonerswarskyarena.info/monster-list/
387,5,Defense,Hollyberry Cookie,Dark,Hollyberry Cookie,https://summonerswarskyarena.info/wp-content/uploads/2023/07/unit_icon_0092_1_5.png,https://summonerswarskyarena.info/wp-content/uploads/2023/07/unit_icon_0092_1_5.png,https://summonerswarskyarena.info/monster/hollyberry-cookie-dark-hollyberry-cookie-review/,,10,https://summonerswarskyarena.info/monster-list/
388,5,Attack,Homunculus,Water,Homunculus,https://summonerswarskyarena.info/wp-content/uploads/2017/03/Homunculus_Water_Icon_awakened.png,https://summonerswarskyarena.info/wp-content/uploads/2017/03/Homunculus_Water_Icon.png,https://summonerswarskyarena.info/monster/water-homunculus/,10 20 5 15,13,https://summonerswarskyarena.info/monster-list/
389,5,Attack,Homunculus,Fire,Homunculus,https://summonerswarskyarena.info/wp-content/uploads/2017/04/fire-homunculus-awakened.jpg,https://summonerswarskyarena.info/wp-content/uploads/2017/04/Homunculus_Fire_Icon.png,https://summonerswarskyarena.info/monster/fire-homunculus/,10 20 5 15,13,https://summonerswarskyarena.info/monster-list/
390,5,Attack,Homunculus,Wind,Homunculus,https://summonerswarskyarena.info/wp-content/uploads/2017/04/wind-homunculus-awakened.jpg,https://summonerswarskyarena.info/wp-content/uploads/2017/04/Homunculus_Wind_Icon.png,https://summonerswarskyarena.info/monster/wind-homunculus/,10 20 5 15,13,https://summonerswarskyarena.info/monster-list/
391,5,Support,Homunculus,Light,Homunculus,https://summonerswarskyarena.info/wp-content/uploads/2017/07/light-homunculus-support-awakened.png,https://summonerswarskyarena.info/wp-content/uploads/2017/07/light-homunculus-support.png,https://summonerswarskyarena.info/monster/light-homunculus/,5 15 10 20,12,https://summonerswarskyarena.info/monster-list/
392,5,Attack,Homunculus,Dark,Homunculus,https://summonerswarskyarena.info/wp-content/uploads/2017/07/dark-homunculus-support-awakened.png,https://summonerswarskyarena.info/wp-content/uploads/2017/07/dark-homunculus-support.png,https://summonerswarskyarena.info/monster/homunculus-dark-homunculus/,20 10 15 5,12,https://summonerswarskyarena.info/monster-list/
393,4,HP,Kung Fu Girl,Fire,Hong Hua,https://summonerswarskyarena.info/wp-content/uploads/2014/10/Hong-Hua-Fire.png,https://summonerswarskyarena.info/wp-content/uploads/2014/10/Kung-Fu-Girl-Fire.png,https://summonerswarskyarena.info/monster/hong-hua-fire-kung-fu-girl-review/,10 20 5 15,12,https://summonerswarskyarena.info/monster-list/
394,4,Support,String Master,Fire,Hongyeon,https://summonerswarskyarena.info/wp-content/uploads/2020/06/hongyeon.png,https://summonerswarskyarena.info/wp-content/uploads/2020/06/fire-string-master.png,https://summonerswarskyarena.info/monster/hongyeon-fire-string-master-review/,15 5 20 10,12,https://summonerswarskyarena.info/monster-list/
395,4,Attack,Barbaric King,Wind,Hraesvelg,https://summonerswarskyarena.info/wp-content/uploads/2015/03/Hraesvelg-Wind.png,https://summonerswarskyarena.info/wp-content/uploads/2015/03/Barbaric-King-Wind.png,https://summonerswarskyarena.info/monster/hraesvelg-wind-barbaric-king-review/,10 20 5 15,12,https://summonerswarskyarena.info/monster-list/
396,4,Attack,Barbaric King,Dark,Hrungnir,https://summonerswarskyarena.info/wp-content/uploads/2015/03/Hrungnir-Dark.png,https://summonerswarskyarena.info/wp-content/uploads/2015/03/Barbaric-King-Dark.png,https://summonerswarskyarena.info/monster/hrungnir-dark-barbaric-king-review/,10 20 5 15,13,https://summonerswarskyarena.info/monster-list/
397,3,Attack,Drunken Master,Wind,Huan,https://summonerswarskyarena.info/wp-content/uploads/2016/12/Huan_Icon-1.png,https://summonerswarskyarena.info/wp-content/uploads/2016/12/Drunken_Master_Wind_Icon.png,https://summonerswarskyarena.info/monster/huan-wind-drunken-master-review/,15 10 10 5,14,https://summonerswarskyarena.info/monster-list/
398,2,Attack,Viking,Water,Huga,https://summonerswarskyarena.info/wp-content/uploads/2016/11/Huga_Icon.png,https://summonerswarskyarena.info/wp-content/uploads/2016/11/Viking_Water_Icon.png,https://summonerswarskyarena.info/monster/huga-water-viking-review/,5 15 5 10,10,https://summonerswarskyarena.info/monster-list/
399,4,Attack,Rakshasa,Fire,Hwa,https://summonerswarskyarena.info/wp-content/uploads/2017/01/Hwa_Icon.png,https://summonerswarskyarena.info/wp-content/uploads/2017/01/Rakshasa_Fire_Icon.png,https://summonerswarskyarena.info/monster/hwa-fire-rakshasa-review/,10 20 5 15,10,https://summonerswarskyarena.info/monster-list/
400,4,HP,Taoist,Light,Hwadam,https://summonerswarskyarena.info/wp-content/uploads/2015/01/hwadam.png,https://summonerswarskyarena.info/wp-content/uploads/2015/01/taoist-light.png,https://summonerswarskyarena.info/monster/hwadam-light-taoist-review/,20 5 15 5,9,https://summonerswarskyarena.info/monster-list/
401,4,Attack,Sky Dancer,Fire,Hwahee,https://summonerswarskyarena.info/wp-content/uploads/2015/01/hwahee.png,https://summonerswarskyarena.info/wp-content/uploads/2015/01/sky-dancer-fire.png,https://summonerswarskyarena.info/monster/hwahee-fire-sky-dancer-review/,12 15 10 15,12,https://summonerswarskyarena.info/monster-list/
402,5,Attack,Hwoarang,Water,Hwoarang,https://summonerswarskyarena.info/wp-content/uploads/2025/07/unit_icon_0186_1_1_hwoarang_wa.png,https://summonerswarskyarena.info/wp-content/uploads/2025/07/unit_icon_0186_1_1_hwoarang_wa.png,https://summonerswarskyarena.info/monster/hwoarang-water-hwoarang-review/,,12,https://summonerswarskyarena.info/monster-list/
403,4,Attack,Hwoarang,Fire,Hwoarang,https://summonerswarskyarena.info/wp-content/uploads/2025/07/unit_icon_0186_1_1_hwoarang_f.png,https://summonerswarskyarena.info/wp-content/uploads/2025/07/unit_icon_0186_1_1_hwoarang_f.png,https://summonerswarskyarena.info/monster/hwoarang-fire-hwoarang-review/,,11,https://summonerswarskyarena.info/monster-list/
404,5,Attack,Hwoarang,Wind,Hwoarang,https://summonerswarskyarena.info/wp-content/uploads/2025/07/unit_icon_0186_1_1_hwoarang_wi.png,https://summonerswarskyarena.info/wp-content/uploads/2025/07/unit_icon_0186_1_1_hwoarang_wi.png,https://summonerswarskyarena.info/monster/hwoarang-wind-hwoarang-review/,,12,https://summonerswarskyarena.info/monster-list/
405,5,Attack,Hwoarang,Light,Hwoarang,https://summonerswarskyarena.info/wp-content/uploads/2025/07/unit_icon_0186_1_1_hwoarang_l.png,https://summonerswarskyarena.info/wp-content/uploads/2025/07/unit_icon_0186_1_1_hwoarang_l.png,https://summonerswarskyarena.info/monster/hwoarang-light-hwoarang-review/,,10,https://summonerswarskyarena.info/monster-list/
406,4,Attack,Hwoarang,Dark,Hwoarang,https://summonerswarskyarena.info/wp-content/uploads/2025/07/unit_icon_0186_1_1_hwoarang_d.png,https://summonerswarskyarena.info/wp-content/uploads/2025/07/unit_icon_0186_1_1_hwoarang_d.png,https://summonerswarskyarena.info/monster/hwoarang-dark-hwoarang-review/,,12,https://summonerswarskyarena.info/monster-list/
407,4,Support,Dryad,Dark,Hyanes,https://summonerswarskyarena.info/wp-content/uploads/2018/09/Hyanes_Icon.png,https://summonerswarskyarena.info/wp-content/uploads/2018/09/Dryad_Dark_Icon.png,https://summonerswarskyarena.info/monster/hyanes-dark-dryad-review/,10 20 5 15,14,https://summonerswarskyarena.info/monster-list/
408,5,Defense,Beetle Guardian,Light,Hyllus,https://summonerswarskyarena.info/wp-content/uploads/2025/04/unit_icon_0177_0_1_hyllus2.png,https://summonerswarskyarena.info/wp-content/uploads/2025/04/unit_icon_0177_0_1_hyllus.png,https://summonerswarskyarena.info/monster/hyllus-light-beetle-guardian-review/,5 15 10 20,11,https://summonerswarskyarena.info/monster-list/
409,5,Attack,Steel Commander,Light,Ian,https://summonerswarskyarena.info/wp-content/uploads/2023/07/unit_icon_0114_1_4.png,https://summonerswarskyarena.info/wp-content/uploads/2023/07/unit_icon_0114_0_4.png,https://summonerswarskyarena.info/monster/ian-light-steel-commander-review/,15 10 15 15,11,https://summonerswarskyarena.info/monster-list/
410,4,Attack,Sylphid,Dark,Icares,https://summonerswarskyarena.info/wp-content/uploads/2017/01/Icares_Icon.png,https://summonerswarskyarena.info/wp-content/uploads/2017/01/Sylphid_Dark_Icon.png,https://summonerswarskyarena.info/monster/icares-dark-sylphid-review/,10 20 5 15,10,https://summonerswarskyarena.info/monster-list/
411,3,Defense,Inugami,Water,Icaru,https://summonerswarskyarena.info/wp-content/uploads/2018/06/Icaru_Icon.png,https://summonerswarskyarena.info/wp-content/uploads/2018/06/Inugami_Water_Icon.png,https://summonerswarskyarena.info/monster/icaru-water-inugami-review/,15 10 10 5,11,https://summonerswarskyarena.info/monster-list/
412,4,Support,Undine,Light,Icasha,https://summonerswarskyarena.info/wp-content/uploads/2018/06/Icasha_Icon.png,https://summonerswarskyarena.info/wp-content/uploads/2018/06/Undine_Light_Icon.png,https://summonerswarskyarena.info/monster/icasha-light-undine-review/,10 20 5 15,9,https://summonerswarskyarena.info/monster-list/
413,3,Defense,Lizardman,Fire,Igmanodon,https://summonerswarskyarena.info/wp-content/uploads/2014/10/Igmanodon-Fire.png,https://summonerswarskyarena.info/wp-content/uploads/2014/10/Lizardman-Fire.png,https://summonerswarskyarena.info/monster/igmanodon-fire-lizardman-review/,15 10 10 5,10,https://summonerswarskyarena.info/monster-list/
414,3,HP,Charger Shark,Fire,Ignicus,https://summonerswarskyarena.info/wp-content/uploads/2015/06/Ignicus-Fire.png,https://summonerswarskyarena.info/wp-content/uploads/2015/06/Charger-Shark-Fire.png,https://summonerswarskyarena.info/monster/ignicus-fire-charger-shark-review/,15 10 10 5,14,https://summonerswarskyarena.info/monster-list/
415,4,Support,Neostone Agent,Light,Illianna,https://summonerswarskyarena.info/wp-content/uploads/2017/01/Illianna_Icon.png,https://summonerswarskyarena.info/wp-content/uploads/2015/08/Neostone-Agent-Light-N.png,https://summonerswarskyarena.info/monster/illianna-light-neostone-agent-review/,12 15 7 15,10,https://summonerswarskyarena.info/monster-list/
416,4,Support,Horus,Wind,Imesety,https://summonerswarskyarena.info/wp-content/uploads/2015/10/Imesety-Wind.png,https://summonerswarskyarena.info/wp-content/uploads/2015/10/Horus-Wind.png,https://summonerswarskyarena.info/monster/imesety-wind-horus-review/,12 15 7 15,13,https://summonerswarskyarena.info/monster-list/
417,3,Attack,Imp Champion,Light,Imp Champion,https://summonerswarskyarena.info/wp-content/uploads/2014/12/Imp-Champion-Light.png,https://summonerswarskyarena.info/wp-content/uploads/2014/12/Imp-Champion-Light.png,https://summonerswarskyarena.info/monster/shaffron-light-imp-champion-review/,15 10 10 5,10,https://summonerswarskyarena.info/monster-list/
418,5,Support,Inosuke Hashibira,Water,Inosuke Hashibira,https://summonerswarskyarena.info/wp-content/uploads/2025/01/unit_icon_0170_1_1_InosukeWa.png,https://summonerswarskyarena.info/wp-content/uploads/2025/01/unit_icon_0170_1_1_InosukeWa.png,https://summonerswarskyarena.info/monster/inosuke-hashibira-water-inosuke-hashibira-review/,,12,https://summonerswarskyarena.info/monster-list/
419,5,Attack,Inosuke Hashibira,Fire,Inosuke Hashibira,https://summonerswarskyarena.info/wp-content/uploads/2025/01/unit_icon_0170_1_1_InosukeF.png,https://summonerswarskyarena.info/wp-content/uploads/2025/01/unit_icon_0170_1_1_InosukeF.png,https://summonerswarskyarena.info/monster/inosuke-hashibira-fire-inosuke-hashibira-review/,,12,https://summonerswarskyarena.info/monster-list/
420,4,Attack,Inosuke Hashibira,Wind,Inosuke Hashibira,https://summonerswarskyarena.info/wp-content/uploads/2025/01/unit_icon_0170_1_1_InosukeWi.png,https://summonerswarskyarena.info/wp-content/uploads/2025/01/unit_icon_0170_1_1_InosukeWi.png,https://summonerswarskyarena.info/monster/inosuke-hashibira-wind-inosuke-hashibira-review/,,13,https://summonerswarskyarena.info/monster-list/
421,5,Attack,Inosuke Hashibira,Light,Inosuke Hashibira,https://summonerswarskyarena.info/wp-content/uploads/2025/01/unit_icon_0170_1_1_InosukeL.png,https://summonerswarskyarena.info/wp-content/uploads/2025/01/unit_icon_0170_1_1_InosukeL.png,https://summonerswarskyarena.info/monster/inosuke-hashibira-light-inosuke-hashibira-review/,,13,https://summonerswarskyarena.info/monster-list/
422,4,Attack,Inosuke Hashibira,Dark,Inosuke Hashibira,https://summonerswarskyarena.info/wp-content/uploads/2025/01/unit_icon_0170_1_1_InosukeD.png,https://summonerswarskyarena.info/wp-content/uploads/2025/01/unit_icon_0170_1_1_InosukeD.png,https://summonerswarskyarena.info/monster/inosuke-hashibira-dark-inosuke-hashibira-review/,,11,https://summonerswarskyarena.info/monster-list/
423,4,Support,Epikion Priest,Light,Iona,https://summonerswarskyarena.info/wp-content/uploads/2017/01/Iona_Icon.png,https://summonerswarskyarena.info/wp-content/uploads/2017/01/Epikion_Priest_Light_Icon.png,https://summonerswarskyarena.info/monster/iona-light-epikion-priest-review/,20 5 15 5,12,https://summonerswarskyarena.info/monster-list/
424,5,Support,Devil Maiden,Water,Irène,https://summonerswarskyarena.info/wp-content/uploads/2023/08/unit_icon_0127_1_1.png,https://summonerswarskyarena.info/wp-content/uploads/2023/08/unit_icon_0127_0_1.png,https://summonerswarskyarena.info/monster/irene-water-devil-maiden-review/,20 10 15 5,10,https://summonerswarskyarena.info/monster-list/
425,4,Attack,Magic Knight,Light,Iris,https://summonerswarskyarena.info/wp-content/uploads/2015/07/Iris-Light.png,https://summonerswarskyarena.info/wp-content/uploads/2015/07/Magic-Knight-Light.png,https://summonerswarskyarena.info/monster/iris-light-magic-knight-review/,10 20 5 15,14,https://summonerswarskyarena.info/monster-list/
426,3,Defense,Living Armor,Fire,Iron,https://summonerswarskyarena.info/wp-content/uploads/2016/12/Iron_Icon.png,https://summonerswarskyarena.info/wp-content/uploads/2016/12/Living_Armor_Fire_Icon.png,https://summonerswarskyarena.info/monster/iron-fire-living-armor-review/,15 10 10 5,13,https://summonerswarskyarena.info/monster-list/
427,4,Attack,Assassin,Dark,Isabelle,https://summonerswarskyarena.info/wp-content/uploads/2015/08/Isabelle-Dark.png,https://summonerswarskyarena.info/wp-content/uploads/2015/08/Assassin-Dark.png,https://summonerswarskyarena.info/monster/isabelle-dark-assassin-review/,10 20 5 15,12,https://summonerswarskyarena.info/monster-list/
428,4,Attack,Succubus,Dark,Isael,https://summonerswarskyarena.info/wp-content/uploads/2017/01/Isael_Icon.png,https://summonerswarskyarena.info/wp-content/uploads/2017/01/Succubus_Dark_Icon.png,https://summonerswarskyarena.info/monster/isael-dark-succubus-review/,10 20 5 15,13,https://summonerswarskyarena.info/monster-list/
429,3,Attack,Fairy,Fire,Iselia,https://summonerswarskyarena.info/wp-content/uploads/2018/06/Iselia_Icon.png,https://summonerswarskyarena.info/wp-content/uploads/2018/06/Fairy_Fire_Icon.png,https://summonerswarskyarena.info/monster/iselia-fire-fairy-review__trashed/,5 10 10 15,16,https://summonerswarskyarena.info/monster-list/
430,4,Attack,Elven Ranger,Dark,Isillen,https://summonerswarskyarena.info/wp-content/uploads/2015/11/Isillen-Dark.png,https://summonerswarskyarena.info/wp-content/uploads/2015/11/Elven-Ranger-Dark.png,https://summonerswarskyarena.info/monster/isillen-dark-elven-ranger-review/,17 7 12 5,14,https://summonerswarskyarena.info/monster-list/
431,5,Support,Desert Queen,Light,Isis,https://summonerswarskyarena.info/wp-content/uploads/2015/10/Isis-Light.png,https://summonerswarskyarena.info/wp-content/uploads/2015/10/Desert-Queen-Light.png,https://summonerswarskyarena.info/monster/isis-light-desert-queen-review/,20 10 15 5,12,https://summonerswarskyarena.info/monster-list/
432,4,Attack,Anubis,Wind,Iunu,https://summonerswarskyarena.info/wp-content/uploads/2015/10/Iunu-Wind.png,https://summonerswarskyarena.info/wp-content/uploads/2015/10/Anubis-Wind.png,https://summonerswarskyarena.info/monster/iunu-wind-anubis-review/,12 15 7 15,12,https://summonerswarskyarena.info/monster-list/
433,4,Attack,Succubus,Water,Izaria,https://summonerswarskyarena.info/wp-content/uploads/2017/01/Izaria_Icon.png,https://summonerswarskyarena.info/wp-content/uploads/2017/01/Succubus_Water_Icon.png,https://summonerswarskyarena.info/monster/izaria-water-succubus-review/,10 20 5 15,13,https://summonerswarskyarena.info/monster-list/
434,5,Attack,Phoenix,Dark,Jaara,https://summonerswarskyarena.info/wp-content/uploads/2017/02/Jaara_Icon.png,https://summonerswarskyarena.info/wp-content/uploads/2017/02/Phoenix_Dark_Icon.png,https://summonerswarskyarena.info/monster/jaara-dark-phoenix-review/,20 10 15 5,13,https://summonerswarskyarena.info/monster-list/
435,5,Attack,Exorcist Association Fighter,Dark,Jack,https://summonerswarskyarena.info/wp-content/uploads/2024/11/unit_icon_0163_1_5_Jack.png,https://summonerswarskyarena.info/wp-content/uploads/2024/11/unit_icon_0163_1_5_Jack.png,https://summonerswarskyarena.info/monster/jack-dark-exorcist-association-fighter-review/,,10,https://summonerswarskyarena.info/monster-list/
436,3,Defense,Martial Artist,Dark,Jackie,https://summonerswarskyarena.info/wp-content/uploads/2015/08/Jackie-Dark.png,https://summonerswarskyarena.info/wp-content/uploads/2015/08/Martial-Artist-Dark.png,https://summonerswarskyarena.info/monster/jackie-dark-martial-artist-review/,15 10 10 5,18,https://summonerswarskyarena.info/monster-list/
437,5,Support,Sky Surfer,Dark,Jackson,https://summonerswarskyarena.info/wp-content/uploads/2021/08/unit_icon_0076_1_5.png,https://summonerswarskyarena.info/wp-content/uploads/2021/08/unit_icon_0076_0_5.png,https://summonerswarskyarena.info/monster/jackson-dark-sky-surfer-review/,5 15 10 20,11,https://summonerswarskyarena.info/monster-list/
438,5,Defense,Macaron Guard,Wind,Jade,https://summonerswarskyarena.info/wp-content/uploads/2023/07/unit_icon_0097_1_3.png,https://summonerswarskyarena.info/wp-content/uploads/2023/07/unit_icon_0097_0_3.png,https://summonerswarskyarena.info/monster/jade-wind-macaron-guard-review/,5 15 10 20,11,https://summonerswarskyarena.info/monster-list/
439,5,Support,Twin Angels,Dark,Jaduel and Aepiah,https://summonerswarskyarena.info/wp-content/uploads/2023/12/unit_icon_0136_1_5.png,https://summonerswarskyarena.info/wp-content/uploads/2023/12/unit_icon_0136_0_5.png,https://summonerswarskyarena.info/monster/jaduel-and-aepiah-dark-twin-angels-review/,5 15 10 20,12,https://summonerswarskyarena.info/monster-list/
440,5,HP,Dragon Knight,Light,Jager,https://summonerswarskyarena.info/wp-content/uploads/2016/08/Jager-Light.png,https://summonerswarskyarena.info/wp-content/uploads/2016/08/Dragon-Knight-Light.png,https://summonerswarskyarena.info/monster/jager-light-dragon-knight-review/,20 10 15 5,9,https://summonerswarskyarena.info/monster-list/
441,3,Attack,Bounty Hunter,Dark,Jamie,https://summonerswarskyarena.info/wp-content/uploads/2017/01/Jamie_Icon.png,https://summonerswarskyarena.info/wp-content/uploads/2017/01/Bounty_Hunter_Dark_Icon.png,https://summonerswarskyarena.info/monster/jamie-dark-bounty-hunter-review/,15 10 10 5,11,https://summonerswarskyarena.info/monster-list/
442,5,Support,Dragon,Wind,Jamire,https://summonerswarskyarena.info/wp-content/uploads/2017/02/Jamire_Icon.png,https://summonerswarskyarena.info/wp-content/uploads/2017/03/Dragon_Wind_Icon.png,https://summonerswarskyarena.info/monster/jamire-wind-dragon-review/,20 10 15 5,10,https://summonerswarskyarena.info/monster-list/
443,3,HP,Viking,Dark,Janssen,https://summonerswarskyarena.info/wp-content/uploads/2017/01/Janssen_Icon.png,https://summonerswarskyarena.info/wp-content/uploads/2017/01/Viking_Dark_Icon.png,https://summonerswarskyarena.info/monster/janssen-dark-viking-review/,5 15 5 10,17,https://summonerswarskyarena.info/monster-list/
444,2,Defense,Viking,Light,Jansson,https://summonerswarskyarena.info/wp-content/uploads/2016/12/Jansson_Icon.png,https://summonerswarskyarena.info/wp-content/uploads/2016/12/Viking_Light_Icon.png,https://summonerswarskyarena.info/monster/jansson-light-viking-review/,5 15 5 10,16,https://summonerswarskyarena.info/monster-list/
445,4,Attack,Poison Master,Wind,Jarrett,https://summonerswarskyarena.info/wp-content/uploads/2020/12/jarrett.png,https://summonerswarskyarena.info/wp-content/uploads/2020/12/wind-poison-master.png,https://summonerswarskyarena.info/monster/jarrett-wind-poison-master-review/,15 5 20 10,12,https://summonerswarskyarena.info/monster-list/
446,4,Attack,Black Tea Bunny,Light,Jasmine,https://summonerswarskyarena.info/wp-content/uploads/2023/07/unit_icon_0100_1_4.png,https://summonerswarskyarena.info/wp-content/uploads/2023/07/unit_icon_0100_0_4.png,https://summonerswarskyarena.info/monster/jasmine-light-black-tea-bunny-review/,15 5 20 10,11,https://summonerswarskyarena.info/monster-list/
447,4,Attack,Phantom Thief,Fire,Jean,https://summonerswarskyarena.info/wp-content/uploads/2017/01/Jean_Icon.png,https://summonerswarskyarena.info/wp-content/uploads/2017/01/Phantom_Thief_Fire_Icon.png,https://summonerswarskyarena.info/monster/jean-fire-phantom-thief-review/,10 20 5 15,9,https://summonerswarskyarena.info/monster-list/
448,5,HP,Paladin,Light,Jeanne,https://summonerswarskyarena.info/wp-content/uploads/2017/09/Jeanne_Icon.png,https://summonerswarskyarena.info/wp-content/uploads/2017/09/Paladin_Light_Icon.png,https://summonerswarskyarena.info/monster/jeanne-light-paladin-review/,20 10 15 5,9,https://summonerswarskyarena.info/monster-list/
449,5,Support,Art Master,Fire,Jeogun,https://summonerswarskyarena.info/wp-content/uploads/2020/06/jeogun.png,https://summonerswarskyarena.info/wp-content/uploads/2020/06/fire-art-master.png,https://summonerswarskyarena.info/monster/jeogun-fire-art-master-review/,5 15 10 20,11,https://summonerswarskyarena.info/monster-list/
450,5,HP,Dokkaebi Lord,Water,Jeongnam,https://summonerswarskyarena.info/wp-content/uploads/2023/10/unit_icon_0133_1_1.png,https://summonerswarskyarena.info/wp-content/uploads/2023/10/unit_icon_0133_0_1.png,https://summonerswarskyarena.info/monster/jeongnam-water-dokkaebi-lord-review/,5 15 10 20,12,https://summonerswarskyarena.info/monster-list/
451,5,Defense,Devil Maiden,Light,Jessica,https://summonerswarskyarena.info/wp-content/uploads/2023/08/unit_icon_0127_1_4.png,https://summonerswarskyarena.info/wp-content/uploads/2023/08/unit_icon_0127_0_4.png,https://summonerswarskyarena.info/monster/jessica-light-devil-maiden-review/,20 10 15 5,10,https://summonerswarskyarena.info/monster-list/
452,4,Attack,Jin Kazama,Water,Jin Kazama,https://summonerswarskyarena.info/wp-content/uploads/2025/07/unit_icon_0186_1_1_jinkazama_wa.png,https://summonerswarskyarena.info/wp-content/uploads/2025/07/unit_icon_0186_1_1_jinkazama_wa.png,https://summonerswarskyarena.info/monster/jin-kazama-water-jin-kazama-review/,,9,https://summonerswarskyarena.info/monster-list/
453,5,HP,Jin Kazama,Fire,Jin Kazama,https://summonerswarskyarena.info/wp-content/uploads/2025/07/unit_icon_0186_1_1_jinkazama_f.png,https://summonerswarskyarena.info/wp-content/uploads/2025/07/unit_icon_0186_1_1_jinkazama_f.png,https://summonerswarskyarena.info/monster/jin-kazama-fire-jin-kazama-review/,,12,https://summonerswarskyarena.info/monster-list/
454,5,Attack,Jin Kazama,Wind,Jin Kazama,https://summonerswarskyarena.info/wp-content/uploads/2025/07/unit_icon_0186_1_1_jinkazama_wi.png,https://summonerswarskyarena.info/wp-content/uploads/2025/07/unit_icon_0186_1_1_jinkazama_wi.png,https://summonerswarskyarena.info/monster/jin-kazama-wind-jin-kazama-review/,,12,https://summonerswarskyarena.info/monster-list/
455,4,Support,Jin Kazama,Light,Jin Kazama,https://summonerswarskyarena.info/wp-content/uploads/2025/07/unit_icon_0186_1_1_jinkazama_l.png,https://summonerswarskyarena.info/wp-content/uploads/2025/07/unit_icon_0186_1_1_jinkazama_l.png,https://summonerswarskyarena.info/monster/jin-kazama-light-jin-kazama-review/,,10,https://summonerswarskyarena.info/monster-list/
456,5,Attack,Jin Kazama,Dark,Jin Kazama,https://summonerswarskyarena.info/wp-content/uploads/2025/07/unit_icon_0186_1_1_jinkazama_d.png,https://summonerswarskyarena.info/wp-content/uploads/2025/07/unit_icon_0186_1_1_jinkazama_d.png,https://summonerswarskyarena.info/monster/jin-kazama-dark-jin-kazama-review/,,11,https://summonerswarskyarena.info/monster-list/
457,5,Attack,Magic Order Enchantress,Water,Johanna,https://summonerswarskyarena.info/wp-content/uploads/2024/06/unit_icon_0152_1_1_johanna2.png,https://summonerswarskyarena.info/wp-content/uploads/2024/06/unit_icon_0152_0_1_johanna.png,https://summonerswarskyarena.info/monster/johanna-water-magic-order-enchantress-review/,12 15 10 15,13,https://summonerswarskyarena.info/monster-list/
458,5,Attack,Sky Surfer,Fire,John,https://summonerswarskyarena.info/wp-content/uploads/2021/08/unit_icon_0076_1_2.png,https://summonerswarskyarena.info/wp-content/uploads/2021/08/unit_icon_0076_0_2.png,https://summonerswarskyarena.info/monster/john-fire-sky-surfer-review/,5 15 10 20,11,https://summonerswarskyarena.info/monster-list/
459,4,Defense,Joker,Fire,Jojo,https://summonerswarskyarena.info/wp-content/uploads/2015/09/Jojo-Fire.png,https://summonerswarskyarena.info/wp-content/uploads/2015/09/Joker-Fire.png,https://summonerswarskyarena.info/monster/jojo-fire-joker/,10 20 5 15,12,https://summonerswarskyarena.info/monster-list/
460,5,HP,Paladin,Water,Josephine,https://summonerswarskyarena.info/wp-content/uploads/2017/09/Josephine_Icon.png,https://summonerswarskyarena.info/wp-content/uploads/2017/09/Paladin_Water_Icon.png,https://summonerswarskyarena.info/monster/josephine-water-paladin-review/,20 10 15 5,13,https://summonerswarskyarena.info/monster-list/
461,3,Defense,Vagabond,Dark,Jubelle,https://summonerswarskyarena.info/wp-content/uploads/2018/06/Jubelle_Icon.png,https://summonerswarskyarena.info/wp-content/uploads/2018/06/Vagabond_Dark_Icon.png,https://summonerswarskyarena.info/monster/jubelle-dark-vagabond-review/,5 10 10 15,13,https://summonerswarskyarena.info/monster-list/
462,5,Attack,Vampire,Light,Julianne,https://summonerswarskyarena.info/wp-content/uploads/2017/02/Julianne_Icon.png,https://summonerswarskyarena.info/wp-content/uploads/2017/02/Vampire_Light_Icon.png,https://summonerswarskyarena.info/monster/julianne-light-vampire-review/,12 15 10 15,8,https://summonerswarskyarena.info/monster-list/
463,4,Attack,Pierret,Water,Julie,https://summonerswarskyarena.info/wp-content/uploads/2017/01/Julie_Icon.png,https://summonerswarskyarena.info/wp-content/uploads/2017/01/Pierret_Water_Icon.png,https://summonerswarskyarena.info/monster/julie-water-pierret-review/,10 20 5 15,12,https://summonerswarskyarena.info/monster-list/
464,4,Attack,Phantom Thief,Wind,Julien,https://summonerswarskyarena.info/wp-content/uploads/2017/01/Julien_Icon.png,https://summonerswarskyarena.info/wp-content/uploads/2017/01/Phantom_Thief_Wind_Icon.png,https://summonerswarskyarena.info/monster/julien-wind-phantom-thief-review/,10 20 5 15,14,https://summonerswarskyarena.info/monster-list/
465,3,HP,Werewolf,Dark,Jultan,https://summonerswarskyarena.info/wp-content/uploads/2017/01/Jultan_Icon.png,https://summonerswarskyarena.info/wp-content/uploads/2017/01/Werewolf_Dark_Icon.png,https://summonerswarskyarena.info/monster/jultan-dark-werewolf-review/,15 10 10 5,9,https://summonerswarskyarena.info/monster-list/
466,3,Attack,High Elemental,Dark,Jumaline,https://summonerswarskyarena.info/wp-content/uploads/2018/06/Jumaline_Icon-1.png,https://summonerswarskyarena.info/wp-content/uploads/2018/06/High_Elemental_Dark_Icon.png,https://summonerswarskyarena.info/monster/jumaline-dark-high-elemental-review/,15 10 10 5,8,https://summonerswarskyarena.info/monster-list/
467,4,Attack,Samurai,Fire,Jun,https://summonerswarskyarena.info/wp-content/uploads/2014/10/Jun-Fire.png,https://summonerswarskyarena.info/wp-content/uploads/2014/10/Samurai-Fire.png,https://summonerswarskyarena.info/monster/jun-fire-samurai-review/,10 20 5 15,16,https://summonerswarskyarena.info/monster-list/
468,5,Support,Oracle,Fire,Juno,https://summonerswarskyarena.info/wp-content/uploads/2017/02/Juno_Icon.png,https://summonerswarskyarena.info/wp-content/uploads/2017/02/Oracle_Fire_Icon.png,https://summonerswarskyarena.info/monster/juno-fire-oracle-review/,20 10 15 5,8,https://summonerswarskyarena.info/monster-list/
469,5,Defense,Exorcist Association Resolver,Water,Jürgen,https://summonerswarskyarena.info/wp-content/uploads/2024/11/unit_icon_0166_1_1_jurgen.png,https://summonerswarskyarena.info/wp-content/uploads/2024/11/unit_icon_0166_1_1_jurgen.png,https://summonerswarskyarena.info/monster/jurgen-water-exorcist-association-resolver-review/,,10,https://summonerswarskyarena.info/monster-list/
470,5,Support,Hacker,Water,K1D,https://summonerswarskyarena.info/wp-content/uploads/2024/04/unit_icon_0146_1_1_k1d.png,https://summonerswarskyarena.info/wp-content/uploads/2024/04/unit_icon_0146_0_1.png,https://summonerswarskyarena.info/monster/k1d-water-hacker-review/,20 10 15 5,11,https://summonerswarskyarena.info/monster-list/
471,3,Attack,Harpy,Light,Kabilla,https://summonerswarskyarena.info/wp-content/uploads/2016/08/Kabilla-Light.png,https://summonerswarskyarena.info/wp-content/uploads/2016/08/Harpy-Light.png,https://summonerswarskyarena.info/monster/kabilla-light-harpy-review/,15 10 10 5,14,https://summonerswarskyarena.info/monster-list/
472,2,Support,Pixie,Water,Kacey,https://summonerswarskyarena.info/wp-content/uploads/2016/07/Kacey-Water.png,https://summonerswarskyarena.info/wp-content/uploads/2016/07/Pixie-Water.png,https://summonerswarskyarena.info/monster/kacey-water-pixie-review/,20 15,16,https://summonerswarskyarena.info/monster-list/
473,3,Attack,High Elemental,Fire,Kahli,https://summonerswarskyarena.info/wp-content/uploads/2017/07/Kahli-1.png,https://summonerswarskyarena.info/wp-content/uploads/2018/06/High_Elemental_Fire_Icon.png,https://summonerswarskyarena.info/monster/kahli-fire-high-elemental-review/,15 10 10 5,12,https://summonerswarskyarena.info/monster-list/
474,3,HP,Griffon,Water,Kahn,https://summonerswarskyarena.info/wp-content/uploads/2016/12/Kahn_Icon.png,https://summonerswarskyarena.info/wp-content/uploads/2016/12/Griffon_Water_Icon.png,https://summonerswarskyarena.info/monster/kahn-water-griffon/,15 10 10 5,12,https://summonerswarskyarena.info/monster-list/
475,4,Attack,Kai,Water,Kai,https://summonerswarskyarena.info/wp-content/uploads/2025/11/unit_icon_0200_1_1_kai_wa.png,https://summonerswarskyarena.info/wp-content/uploads/2025/11/unit_icon_0200_1_1_kai_wa.png,https://summonerswarskyarena.info/monster/kai-water-kai-review/,,9,https://summonerswarskyarena.info/monster-list/
476,5,HP,Kai,Fire,Kai,https://summonerswarskyarena.info/wp-content/uploads/2025/11/unit_icon_0200_1_2_kai2.png,https://summonerswarskyarena.info/wp-content/uploads/2025/11/unit_icon_0200_1_2_kai2.png,https://summonerswarskyarena.info/monster/kai-fire-kai-review/,,12,https://summonerswarskyarena.info/monster-list/
477,5,Attack,Kai,Wind,Kai,https://summonerswarskyarena.info/wp-content/uploads/2025/11/unit_icon_0200_1_3_kai_wi.png,https://summonerswarskyarena.info/wp-content/uploads/2025/11/unit_icon_0200_1_3_kai_wi.png,https://summonerswarskyarena.info/monster/kai-wind-kai-review/,,12,https://summonerswarskyarena.info/monster-list/
478,4,Support,Kai,Light,Kai,https://summonerswarskyarena.info/wp-content/uploads/2025/11/unit_icon_0200_1_4_kai3.png,https://summonerswarskyarena.info/wp-content/uploads/2025/11/unit_icon_0200_1_4_kai3.png,https://summonerswarskyarena.info/monster/kai-light-kai-review/,,10,https://summonerswarskyarena.info/monster-list/
479,5,Attack,Kai,Dark,Kai,https://summonerswarskyarena.info/wp-content/uploads/2025/11/unit_icon_0200_1_5_kai4.png,https://summonerswarskyarena.info/wp-content/uploads/2025/11/unit_icon_0200_1_5_kai4.png,https://summonerswarskyarena.info/monster/kai-dark-kai-review/,,11,https://summonerswarskyarena.info/monster-list/
480,3,Defense,Vagabond,Fire,Kai'en,https://summonerswarskyarena.info/wp-content/uploads/2018/06/Kaien_Icon.png,https://summonerswarskyarena.info/wp-content/uploads/2018/06/Vagabond_Fire_Icon.png,https://summonerswarskyarena.info/monster/kaien-fire-vagabond-review/,5 10 10 15,17,https://summonerswarskyarena.info/monster-list/
481,2,Defense,Salamander,Water,Kaimann,https://summonerswarskyarena.info/wp-content/uploads/2018/06/Kaimann_Icon.png,https://summonerswarskyarena.info/wp-content/uploads/2017/03/unit_icon_0004_0_0.png,https://summonerswarskyarena.info/monster/kaimann-water-salamander-review/,20 2 10,15,https://summonerswarskyarena.info/monster-list/
482,4,Attack,Samurai,Wind,Kaito,https://summonerswarskyarena.info/wp-content/uploads/2014/10/Kaito-Wind.png,https://summonerswarskyarena.info/wp-content/uploads/2014/10/Samurai-Wind.png,https://summonerswarskyarena.info/monster/kaito-wind-samurai-review/,10 20 5 15,16,https://summonerswarskyarena.info/monster-list/
483,4,Attack,Onimusha,Fire,Kaki,https://summonerswarskyarena.info/wp-content/uploads/2021/02/kaki.png,https://summonerswarskyarena.info/wp-content/uploads/2021/02/fire-Onimusha.png,https://summonerswarskyarena.info/monster/kaki-fire-onimusha-review/,15 7 15 12,10,https://summonerswarskyarena.info/monster-list/
484,4,Support,Gladiatrix,Water,Kalantatze,https://summonerswarskyarena.info/wp-content/uploads/2023/07/unit_icon_0116_1_1.png,https://summonerswarskyarena.info/wp-content/uploads/2023/07/unit_icon_0116_0_1.png,https://summonerswarskyarena.info/monster/kalantatze-water-gladiatrix-review/,15 10 15 12,11,https://summonerswarskyarena.info/monster-list/
485,3,HP,Minotauros,Dark,Kamatau,https://summonerswarskyarena.info/wp-content/uploads/2014/10/Kamatau-Dark.png,https://summonerswarskyarena.info/wp-content/uploads/2014/10/Minotauros-Dark.png,https://summonerswarskyarena.info/monster/kamatau-dark-minotauros-review/,15 10 10 5,10,https://summonerswarskyarena.info/monster-list/
486,4,Attack,Nine-tailed Fox,Dark,Kamiya,https://summonerswarskyarena.info/wp-content/uploads/2017/01/Kamiya_Icon.png,https://summonerswarskyarena.info/wp-content/uploads/2017/01/Nine-tailed_Fox_Dark_Icon.png,https://summonerswarskyarena.info/monster/kamiya-dark-nine-tailed-fox-review/,10 20 5 15,8,https://summonerswarskyarena.info/monster-list/
487,3,HP,Mummy,Dark,Karakum,https://summonerswarskyarena.info/wp-content/uploads/2015/10/Karakum-Dark.png,https://summonerswarskyarena.info/wp-content/uploads/2015/10/Mummy-Dark.png,https://summonerswarskyarena.info/monster/karakum-dark-mummy-review/,15 10 10 5,11,https://summonerswarskyarena.info/monster-list/
488,4,Attack,Neostone Fighter,Dark,Karl,https://summonerswarskyarena.info/wp-content/uploads/2015/08/Karl-Dark.png,https://summonerswarskyarena.info/wp-content/uploads/2015/08/Neostone-Fighter-Dark.png,https://summonerswarskyarena.info/monster/karl-dark-neostone-fighter-review/,10 20 5 15,12,https://summonerswarskyarena.info/monster-list/
489,5,HP,Slayer,Fire,Karnal,https://summonerswarskyarena.info/wp-content/uploads/2020/11/karnal.png,https://summonerswarskyarena.info/wp-content/uploads/2020/11/fire-slayer.png,https://summonerswarskyarena.info/monster/karnal-fire-slayer-review/,5 15 10 20,12,https://summonerswarskyarena.info/monster-list/
490,5,Support,Twin Angels,Fire,Karuel and Lanoah,https://summonerswarskyarena.info/wp-content/uploads/2023/12/unit_icon_0136_1_2.png,https://summonerswarskyarena.info/wp-content/uploads/2023/12/unit_icon_0136_0_2.png,https://summonerswarskyarena.info/monster/karuel-and-lanoah-twin-angels-review/,5 15 10 20,12,https://summonerswarskyarena.info/monster-list/
491,5,Attack,Striker,Wind,Kashmir,https://summonerswarskyarena.info/wp-content/uploads/2020/11/kashmir.png,https://summonerswarskyarena.info/wp-content/uploads/2020/11/wind-striker.png,https://summonerswarskyarena.info/monster/kashmir-wind-striker-review/,5 15 10 20,12,https://summonerswarskyarena.info/monster-list/
492,5,Attack,Kassandra,Fire,Kassandra,https://summonerswarskyarena.info/wp-content/uploads/2023/07/unit_icon_0108_1_2.png,https://summonerswarskyarena.info/wp-content/uploads/2023/07/unit_icon_0108_1_2.png,https://summonerswarskyarena.info/monster/kassandra-fire-kassandra-review/,,11,https://summonerswarskyarena.info/monster-list/
493,4,Support,Kassandra,Water,Kassandra,https://summonerswarskyarena.info/wp-content/uploads/2023/07/unit_icon_0108_1_1.png,https://summonerswarskyarena.info/wp-content/uploads/2023/07/unit_icon_0108_1_1.png,https://summonerswarskyarena.info/monster/kassandra-water-kassandra-review/,,11,https://summonerswarskyarena.info/monster-list/
494,5,Attack,Kassandra,Wind,Kassandra,https://summonerswarskyarena.info/wp-content/uploads/2023/07/unit_icon_0108_1_3.png,https://summonerswarskyarena.info/wp-content/uploads/2023/07/unit_icon_0108_1_3.png,https://summonerswarskyarena.info/monster/kassandra-wind-kassandra-review/,,12,https://summonerswarskyarena.info/monster-list/
495,4,Support,Kassandra,Light,Kassandra,https://summonerswarskyarena.info/wp-content/uploads/2023/07/unit_icon_0108_1_4.png,https://summonerswarskyarena.info/wp-content/uploads/2023/07/unit_icon_0108_1_4.png,https://summonerswarskyarena.info/monster/kassandra-light-kassandra-review/,,12,https://summonerswarskyarena.info/monster-list/
496,5,Attack,Kassandra,Dark,Kassandra,https://summonerswarskyarena.info/wp-content/uploads/2023/07/unit_icon_0108_1_5.png,https://summonerswarskyarena.info/wp-content/uploads/2023/07/unit_icon_0108_1_5.png,https://summonerswarskyarena.info/monster/kassandra-dark-kassandra-review/,,11,https://summonerswarskyarena.info/monster-list/
497,5,Attack,Valkyrja,Wind,Katarina,https://summonerswarskyarena.info/wp-content/uploads/2017/02/Katarina_Icon.png,https://summonerswarskyarena.info/wp-content/uploads/2017/02/Valkyrja_Wind_Icon.png,https://summonerswarskyarena.info/monster/katarina-wind-valkyrja-review/,20 10 15 5,9,https://summonerswarskyarena.info/monster-list/
498,4,Attack,Samurai,Water,Kaz,https://summonerswarskyarena.info/wp-content/uploads/2014/10/Kaz-Water.png,https://summonerswarskyarena.info/wp-content/uploads/2017/01/Samurai_Water_Icon.png,https://summonerswarskyarena.info/monster/kaz-water-samurai-review/,10 20 5 15,16,https://summonerswarskyarena.info/monster-list/
499,5,Attack,KEN,Fire,KEN,https://summonerswarskyarena.info/wp-content/uploads/2020/09/fire-ken.png,https://summonerswarskyarena.info/wp-content/uploads/2020/09/fire-ken.png,https://summonerswarskyarena.info/monster/ken-fire-ken-review/,,11,https://summonerswarskyarena.info/monster-list/
500,3,Defense,Lizardman,Water,Kernodon,https://summonerswarskyarena.info/wp-content/uploads/2014/10/Kernodon-Water.png,https://summonerswarskyarena.info/wp-content/uploads/2014/10/Lizardman-Water.png,https://summonerswarskyarena.info/monster/kernodon-water-lizardman-review/,15 10 10 5,11,https://summonerswarskyarena.info/monster-list/
501,4,Support,Anubis,Fire,Khmun,https://summonerswarskyarena.info/wp-content/uploads/2015/10/Khmun-Fire.png,https://summonerswarskyarena.info/wp-content/uploads/2015/10/Anubis-Fire.png,https://summonerswarskyarena.info/monster/khmun-fire-anubis-review/,12 15 7 15,12,https://summonerswarskyarena.info/monster-list/
502,5,Attack,Gladiatrix,Dark,Kiara,https://summonerswarskyarena.info/wp-content/uploads/2023/07/unit_icon_0116_1_5.png,https://summonerswarskyarena.info/wp-content/uploads/2023/07/unit_icon_0116_0_5.png,https://summonerswarskyarena.info/monster/kiara-dark-gladiatrix-review/,15 10 15 12,11,https://summonerswarskyarena.info/monster-list/
503,5,Support,Mage,Dark,Kiki,https://summonerswarskyarena.info/wp-content/uploads/2021/05/kiki.webp,https://summonerswarskyarena.info/wp-content/uploads/2021/05/dark-mage.webp,https://summonerswarskyarena.info/monster/kiki-dark-mage-review/,5 15 10 20,10,https://summonerswarskyarena.info/monster-list/
504,4,HP,Onimusha,Light,Kinki,https://summonerswarskyarena.info/wp-content/uploads/2021/02/kinki.png,https://summonerswarskyarena.info/wp-content/uploads/2021/02/light-onimusha.png,https://summonerswarskyarena.info/monster/kinki-light-onimusha-review/,15 7 15 12,10,https://summonerswarskyarena.info/monster-list/
505,2,Support,Garuda,Water,Konamiya,https://summonerswarskyarena.info/wp-content/uploads/2018/06/Konamiya_Icon.png,https://summonerswarskyarena.info/wp-content/uploads/2018/06/Garuda_Water_Icon.png,https://summonerswarskyarena.info/monster/konamiya-water-garuda-review/,2 15 15,15,https://summonerswarskyarena.info/monster-list/
506,4,Support,Brownie Magician,Dark,Korona,https://summonerswarskyarena.info/wp-content/uploads/2014/12/Korona-Dark.png,https://summonerswarskyarena.info/wp-content/uploads/2014/12/Brownie-Magician-Dark.png,https://summonerswarskyarena.info/monster/korona-dark-brownie-magician-review/,10 20 5 15,8,https://summonerswarskyarena.info/monster-list/
507,5,Support,Puppeteer,Light,Kovarci,https://summonerswarskyarena.info/wp-content/uploads/2023/07/unit_icon_0106_1_4.png,https://summonerswarskyarena.info/wp-content/uploads/2023/07/unit_icon_0106_0_4.png,https://summonerswarskyarena.info/monster/kovarci-light-puppeteer-review/,5 15 10 20,10,https://summonerswarskyarena.info/monster-list/
508,3,Defense,Salamander,Fire,Krakdon,https://summonerswarskyarena.info/wp-content/uploads/2018/06/Krakdon_Icon.png,https://summonerswarskyarena.info/wp-content/uploads/2018/06/Salamander_Fire_Icon.png,https://summonerswarskyarena.info/monster/krakdon-fire-salamander-review/,20 2 10,15,https://summonerswarskyarena.info/monster-list/
509,3,Attack,Inugami,Dark,Kro,https://summonerswarskyarena.info/wp-content/uploads/2018/06/Kro_Icon.png,https://summonerswarskyarena.info/wp-content/uploads/2018/06/Inugami_Dark_Icon.png,https://summonerswarskyarena.info/monster/kro-dark-inugami/,15 10 10 5,10,https://summonerswarskyarena.info/monster-list/
510,3,Support,Harg,Dark,Kroa,https://summonerswarskyarena.info/wp-content/uploads/2016/02/Kroa-Dark.png,https://summonerswarskyarena.info/wp-content/uploads/2016/02/Harg-Dark.png,https://summonerswarskyarena.info/monster/kroa-dark-harg-review/,20 5 15 5,14,https://summonerswarskyarena.info/monster-list/
511,3,Defense,Golem,Fire,Kugo,https://summonerswarskyarena.info/wp-content/uploads/2018/06/Kugo_Icon.png,https://summonerswarskyarena.info/wp-content/uploads/2018/06/Golem_Fire_Icon.png,https://summonerswarskyarena.info/monster/kugo-fire-golem-review/,15 10 10 5,9,https://summonerswarskyarena.info/monster-list/
512,3,Defense,Golem,Water,Kuhn,https://summonerswarskyarena.info/wp-content/uploads/2018/06/Kuhn_Icon-1.png,https://summonerswarskyarena.info/wp-content/uploads/2018/06/Golem_Water_Icon-1.png,https://summonerswarskyarena.info/monster/kuhn-water-golem-review/,15 10 10 5,9,https://summonerswarskyarena.info/monster-list/
513,3,HP,Yeti,Dark,Kumae,https://summonerswarskyarena.info/wp-content/uploads/2018/06/Kumae_Icon.png,https://summonerswarskyarena.info/wp-content/uploads/2018/06/Yeti_Dark_Icon.png,https://summonerswarskyarena.info/monster/kumae-dark-yeti-review/,1 15 20,10,https://summonerswarskyarena.info/monster-list/
514,5,HP,Beast Monk,Fire,Kumar,https://summonerswarskyarena.info/wp-content/uploads/2014/10/Kumar-Fire.png,https://summonerswarskyarena.info/wp-content/uploads/2017/02/Beast_Monk_Fire_Icon.png,https://summonerswarskyarena.info/monster/kumar-fire-beast-monk-review/,20 10 15 5,11,https://summonerswarskyarena.info/monster-list/
515,3,HP,Penguin Knight,Dark,Kuna,https://summonerswarskyarena.info/wp-content/uploads/2015/03/Kuna-Dark.png,https://summonerswarskyarena.info/wp-content/uploads/2015/03/Penguin-Knight-Dark.png,https://summonerswarskyarena.info/monster/kuna-dark-penguin-knight-review/,15 10 10 5,13,https://summonerswarskyarena.info/monster-list/
516,2,Defense,Yeti,Water,Kunda,https://summonerswarskyarena.info/wp-content/uploads/2018/06/Kunda_Icon.png,https://summonerswarskyarena.info/wp-content/uploads/2018/06/Yeti_Water_Icon.png,https://summonerswarskyarena.info/monster/kunda-water-yeti-review/,1 15 20,14,https://summonerswarskyarena.info/monster-list/
517,3,HP,Bearman,Fire,Kungen,https://summonerswarskyarena.info/wp-content/uploads/2016/12/Kungen_Icon.png,https://summonerswarskyarena.info/wp-content/uploads/2016/12/Bearman_Fire_Icon.png,https://summonerswarskyarena.info/monster/kungen-fire-bearman-review/,15 10 10 5,14,https://summonerswarskyarena.info/monster-list/
518,4,Defense,Gargoyle,Fire,Kunite,https://summonerswarskyarena.info/wp-content/uploads/2019/08/kunite.png,https://summonerswarskyarena.info/wp-content/uploads/2019/08/fire-gargoyle.png,https://summonerswarskyarena.info/monster/kunite-fire-gargoyle-review/,15 5 20 10,8,https://summonerswarskyarena.info/monster-list/
519,5,Support,Exorcist Association Conjurer,Wind,Kuroshu,https://summonerswarskyarena.info/wp-content/uploads/2024/11/unit_icon_0165_1_3_kuroshu.png,https://summonerswarskyarena.info/wp-content/uploads/2024/11/unit_icon_0165_1_3_kuroshu.png,https://summonerswarskyarena.info/monster/kuroshu-wind-exorcist-association-conjurer-review/,,11,https://summonerswarskyarena.info/monster-list/
520,4,Attack,Poison Master,Water,Kyle,https://summonerswarskyarena.info/wp-content/uploads/2020/12/kyle.png,https://summonerswarskyarena.info/wp-content/uploads/2020/12/water-poison-master.png,https://summonerswarskyarena.info/monster/kyle-water-poison-master-review/,15 5 20 10,10,https://summonerswarskyarena.info/monster-list/
521,5,Attack,Chimera,Wind,Lagmaron,https://summonerswarskyarena.info/wp-content/uploads/2017/02/Lagmaron_Icon.png,https://summonerswarskyarena.info/wp-content/uploads/2017/02/Chimera_Wind_Icon.png,https://summonerswarskyarena.info/monster/lagmaron-wind-chimera-review/,20 10 15 5,10,https://summonerswarskyarena.info/monster-list/
522,5,Attack,Dragon Knight,Fire,Laika,https://summonerswarskyarena.info/wp-content/uploads/2016/08/Laika-Fire.png,https://summonerswarskyarena.info/wp-content/uploads/2016/08/Dragon-Knight-Fire.png,https://summonerswarskyarena.info/monster/laika-fire-dragon-knight-review/,20 10 15 5,9,https://summonerswarskyarena.info/monster-list/
523,5,Support,Oracle,Light,Laima,https://summonerswarskyarena.info/wp-content/uploads/2017/02/Laima_Icon.png,https://summonerswarskyarena.info/wp-content/uploads/2017/02/Oracle_Light_Icon.png,https://summonerswarskyarena.info/monster/laima-light-oracle-review/,20 10 15 5,10,https://summonerswarskyarena.info/monster-list/
524,2,Support,Howl,Fire,Lala,https://summonerswarskyarena.info/wp-content/uploads/2016/08/Lala-Fire.png,https://summonerswarskyarena.info/wp-content/uploads/2016/08/Howl-Fire.png,https://summonerswarskyarena.info/monster/lala-fire-howl-review/,20 15,9,https://summonerswarskyarena.info/monster-list/
525,5,Support,Specter Princess,Water,Lamiella,https://summonerswarskyarena.info/wp-content/uploads/2024/12/unit_icon_0175_0_1_lamiella2.png,https://summonerswarskyarena.info/wp-content/uploads/2024/12/unit_icon_0175_0_1_lamiella.png,https://summonerswarskyarena.info/monster/lamiella-water-specter-princess-review/,15 5 20 10,11,https://summonerswarskyarena.info/monster-list/
526,1,Support,Low Elemental,Fire,Lamor,https://summonerswarskyarena.info/wp-content/uploads/2016/11/Lamor_Icon.png,https://summonerswarskyarena.info/wp-content/uploads/2016/11/Low_Elemental_Fire_Icon.png,https://summonerswarskyarena.info/monster/lamor-fire-low-elemental-review/,10 5,12,https://summonerswarskyarena.info/monster-list/
527,4,Defense,Magic Knight,Dark,Lanett,https://summonerswarskyarena.info/wp-content/uploads/2015/07/Lanett-Dark.png,https://summonerswarskyarena.info/wp-content/uploads/2015/07/Magic-Knight-Dark.png,https://summonerswarskyarena.info/monster/lanett-dark-magic-knight/,10 20 5 15,12,https://summonerswarskyarena.info/monster-list/
528,4,Attack,Magic Knight,Water,Lapis,https://summonerswarskyarena.info/wp-content/uploads/2015/07/Lapis-Water.png,https://summonerswarskyarena.info/wp-content/uploads/2017/01/Magic_Knight_Water_Icon.png,https://summonerswarskyarena.info/monster/lapis-water-magic-knight/,10 20 5 15,12,https://summonerswarskyarena.info/monster-list/
529,4,Attack,Blade Dancer,Water,Lariel,https://summonerswarskyarena.info/wp-content/uploads/2020/11/lariel.png,https://summonerswarskyarena.info/wp-content/uploads/2020/11/water-blade-dancer.png,https://summonerswarskyarena.info/monster/lariel-water-blade-dancer-review/,15 5 20 10,12,https://summonerswarskyarena.info/monster-list/
530,5,Attack,Magic Order Guardian,Light,Lars,https://summonerswarskyarena.info/wp-content/uploads/2024/06/unit_icon_0150_1_4_lars2.png,https://summonerswarskyarena.info/wp-content/uploads/2024/06/unit_icon_0150_0_4_lars.png,https://summonerswarskyarena.info/monster/lars-light-magic-order-guardian-review/,20 10 15 5,9,https://summonerswarskyarena.info/monster-list/
531,4,Attack,Black Tea Bunny,Dark,Lavender,https://summonerswarskyarena.info/wp-content/uploads/2023/07/unit_icon_0100_1_5.png,https://summonerswarskyarena.info/wp-content/uploads/2023/07/unit_icon_0100_0_5.png,https://summonerswarskyarena.info/monster/lavender-dark-black-tea-bunny-review/,15 5 20 10,12,https://summonerswarskyarena.info/monster-list/
532,5,Support,Devil Maiden,Wind,Layla,https://summonerswarskyarena.info/wp-content/uploads/2023/08/unit_icon_0127_1_3.png,https://summonerswarskyarena.info/wp-content/uploads/2023/08/unit_icon_0127_0_3.png,https://summonerswarskyarena.info/monster/layla-wind-devil-maiden-review/,20 10 15 5,12,https://summonerswarskyarena.info/monster-list/
533,4,Attack,Blade Dancer,Light,Leah,https://summonerswarskyarena.info/wp-content/uploads/2020/11/leah.png,https://summonerswarskyarena.info/wp-content/uploads/2020/11/light-blade-dancer.png,https://summonerswarskyarena.info/monster/leah-light-blade-dancer-review/,15 5 20 10,10,https://summonerswarskyarena.info/monster-list/
534,4,Attack,Legolas,Water,Legolas,https://summonerswarskyarena.info/wp-content/uploads/2026/01/unit_icon_0205_1_1_Legolas.png,https://summonerswarskyarena.info/wp-content/uploads/2026/01/unit_icon_0205_1_1_Legolas.png,https://summonerswarskyarena.info/monster/legolas-water-legolas-review/,,11,https://summonerswarskyarena.info/monster-list/
535,5,Attack,Legolas,Fire,Legolas,https://summonerswarskyarena.info/wp-content/uploads/2026/01/unit_icon_0205_1_2_Legolas.png,https://summonerswarskyarena.info/wp-content/uploads/2026/01/unit_icon_0205_1_2_Legolas.png,https://summonerswarskyarena.info/monster/legolas-fire-legolas-review/,,8,https://summonerswarskyarena.info/monster-list/
536,5,Attack,Legolas,Wind,Legolas,https://summonerswarskyarena.info/wp-content/uploads/2026/01/unit_icon_0205_1_3_Legolas.png,https://summonerswarskyarena.info/wp-content/uploads/2026/01/unit_icon_0205_1_3_Legolas.png,https://summonerswarskyarena.info/monster/legolas-wind-legolas-review/,,9,https://summonerswarskyarena.info/monster-list/
537,5,Attack,Legolas,Light,Legolas,https://summonerswarskyarena.info/wp-content/uploads/2026/01/unit_icon_0205_1_4_Legolas.png,https://summonerswarskyarena.info/wp-content/uploads/2026/01/unit_icon_0205_1_4_Legolas.png,https://summonerswarskyarena.info/monster/legolas-light-legolas-review/,,9,https://summonerswarskyarena.info/monster-list/
538,4,Attack,Legolas,Dark,Legolas,https://summonerswarskyarena.info/wp-content/uploads/2026/01/unit_icon_0205_1_5_Legolas.png,https://summonerswarskyarena.info/wp-content/uploads/2026/01/unit_icon_0205_1_5_Legolas.png,https://summonerswarskyarena.info/monster/legolas-dark-legolas-review/,,8,https://summonerswarskyarena.info/monster-list/
539,5,Support,Dragon Knight,Wind,Leo,https://summonerswarskyarena.info/wp-content/uploads/2016/08/Leo-Wind.png,https://summonerswarskyarena.info/wp-content/uploads/2016/08/Dragon-Knight-Wind.png,https://summonerswarskyarena.info/monster/leo-wind-dragon-knight-review/,20 10 15 5,9,https://summonerswarskyarena.info/monster-list/
540,5,Defense,Paladin,Dark,Leona,https://summonerswarskyarena.info/wp-content/uploads/2017/09/leona.png,https://summonerswarskyarena.info/wp-content/uploads/2017/09/dark-paladin.png,https://summonerswarskyarena.info/monster/leona-dark-paladin-review/,20 10 15 5,10,https://summonerswarskyarena.info/monster-list/
541,4,Attack,Assassin,Fire,Lexy,https://summonerswarskyarena.info/wp-content/uploads/2015/08/Lexy-Fire.png,https://summonerswarskyarena.info/wp-content/uploads/2015/08/Assassin-Fire.png,https://summonerswarskyarena.info/monster/lexy-fire-assassin-review/,10 20 5 15,10,https://summonerswarskyarena.info/monster-list/
542,5,Attack,Weapon Master,Water,Liam,https://summonerswarskyarena.info/wp-content/uploads/2022/01/unit_icon_0080_1_1.png,https://summonerswarskyarena.info/wp-content/uploads/2022/01/unit_icon_0080_0_1.png,https://summonerswarskyarena.info/monster/liam-water-weapon-master-review/,5 15 10 20,12,https://summonerswarskyarena.info/monster-list/
543,4,Attack,Joker,Dark,Liebli,https://summonerswarskyarena.info/wp-content/uploads/2017/01/Liebli_Icon.png,https://summonerswarskyarena.info/wp-content/uploads/2017/01/Joker_Dark_Icon.png,https://summonerswarskyarena.info/monster/liebli-dark-joker-review/,10 20 5 15,9,https://summonerswarskyarena.info/monster-list/
544,4,HP,Vampire,Water,Liesel,https://summonerswarskyarena.info/wp-content/uploads/2017/01/Liesel_Icon.png,https://summonerswarskyarena.info/wp-content/uploads/2017/01/Vampire_Water_Icon.png,https://summonerswarskyarena.info/monster/liesel-water-vampire-review/,12 15 10 15,13,https://summonerswarskyarena.info/monster-list/
545,5,Attack,Devil Maiden,Dark,Liliana,https://summonerswarskyarena.info/wp-content/uploads/2023/08/unit_icon_0127_1_5.png,https://summonerswarskyarena.info/wp-content/uploads/2023/08/unit_icon_0127_0_5.png,https://summonerswarskyarena.info/monster/liliana-dark-devil-maiden-review/,20 10 15 5,10,https://summonerswarskyarena.info/monster-list/
546,3,Attack,Mystic Witch,Light,Linda,https://summonerswarskyarena.info/wp-content/uploads/2017/01/Linda_Icon.png,https://summonerswarskyarena.info/wp-content/uploads/2017/01/Mystic_Witch_Light_Icon.png,https://summonerswarskyarena.info/monster/linda-light-mystic-witch-review/,15 10 10 5,13,https://summonerswarskyarena.info/monster-list/
547,2,Support,Garuda,Wind,Lindermen,https://summonerswarskyarena.info/wp-content/uploads/2018/06/Lindermen_Icon.png,https://summonerswarskyarena.info/wp-content/uploads/2018/06/Garuda_Wind_Icon.png,https://summonerswarskyarena.info/monster/lindermen-wind-garuda-review/,2 15 15,17,https://summonerswarskyarena.info/monster-list/
548,4,Attack,Kung Fu Girl,Wind,Ling Ling,https://summonerswarskyarena.info/wp-content/uploads/2014/10/Ling-Ling-Wind.png,https://summonerswarskyarena.info/wp-content/uploads/2014/10/Kung-Fu-Girl-Wind.png,https://summonerswarskyarena.info/monster/ling-ling-wind-kung-fu-girl-review/,10 20 5 15,12,https://summonerswarskyarena.info/monster-list/
549,5,Attack,Steel Commander,Water,Lionel,https://summonerswarskyarena.info/wp-content/uploads/2023/07/unit_icon_0114_1_1.png,https://summonerswarskyarena.info/wp-content/uploads/2023/07/unit_icon_0114_0_1.png,https://summonerswarskyarena.info/monster/lionel-water-steel-commander-review/,15 10 15 12,11,https://summonerswarskyarena.info/monster-list/
550,4,Support,Neostone Agent,Fire,Lisa,https://summonerswarskyarena.info/wp-content/uploads/2015/08/Lisa-Fire-New.png,https://summonerswarskyarena.info/wp-content/uploads/2015/08/Neostone-Agent-Fire-N.png,https://summonerswarskyarena.info/monster/lisa-fire-neostone-agent-review/,12 15 7 15,11,https://summonerswarskyarena.info/monster-list/
551,4,HP,Kung Fu Girl,Light,Liu Mei,https://summonerswarskyarena.info/wp-content/uploads/2014/10/Liu-Mei-Light.png,https://summonerswarskyarena.info/wp-content/uploads/2014/10/Kung-Fu-Girl-Light.png,https://summonerswarskyarena.info/monster/liu-mei-light-kung-fu-girl-reveiw/,10 20 5 15,12,https://summonerswarskyarena.info/monster-list/
552,3,Attack,Martial Artist,Wind,Lo,https://summonerswarskyarena.info/wp-content/uploads/2015/08/Lo-Wind.png,https://summonerswarskyarena.info/wp-content/uploads/2015/08/Martial-Artist-Wind.png,https://summonerswarskyarena.info/monster/lo-wind-martial-artist-review/,15 10 10 5,17,https://summonerswarskyarena.info/monster-list/
553,4,Attack,Lob Ear,Water,Lob Ear,https://summonerswarskyarena.info/wp-content/uploads/2026/06/unit_icon_0217_1_1_lob_ear_wa.png,https://summonerswarskyarena.info/wp-content/uploads/2026/06/unit_icon_0217_1_1_lob_ear_wa.png,https://summonerswarskyarena.info/monster/lob-ear-water-lob-ear-review/,,10,https://summonerswarskyarena.info/monster-list/
554,4,Attack,Lob Ear,Fire,Lob Ear,https://summonerswarskyarena.info/wp-content/uploads/2026/06/unit_icon_0217_1_2_lob_ear_fi.png,https://summonerswarskyarena.info/wp-content/uploads/2026/06/unit_icon_0217_1_2_lob_ear_fi.png,https://summonerswarskyarena.info/monster/lob-ear-fire-lob-ear-review/,,9,https://summonerswarskyarena.info/monster-list/
555,4,Attack,Lob Ear,Wind,Lob Ear,https://summonerswarskyarena.info/wp-content/uploads/2026/06/unit_icon_0217_1_3_lob_ear_wi.png,https://summonerswarskyarena.info/wp-content/uploads/2026/06/unit_icon_0217_1_3_lob_ear_wi.png,https://summonerswarskyarena.info/monster/lob-ear-wind-lob-ear-review/,,11,https://summonerswarskyarena.info/monster-list/
556,4,Attack,Lob Ear,Light,Lob Ear,https://summonerswarskyarena.info/wp-content/uploads/2026/06/unit_icon_0217_1_4_lob_ear_li.png,https://summonerswarskyarena.info/wp-content/uploads/2026/06/unit_icon_0217_1_4_lob_ear_li.png,https://summonerswarskyarena.info/monster/lob-ear-light-lob-ear-review/,,11,https://summonerswarskyarena.info/monster-list/
557,4,Attack,Lob Ear,Dark,Lob Ear,https://summonerswarskyarena.info/wp-content/uploads/2026/06/unit_icon_0217_1_5_lob_ear_da.png,https://summonerswarskyarena.info/wp-content/uploads/2026/06/unit_icon_0217_1_5_lob_ear_da.png,https://summonerswarskyarena.info/monster/lob-ear-dark-lob-ear-review/,,10,https://summonerswarskyarena.info/monster-list/
558,4,Attack,Neostone Fighter,Wind,Logan,https://summonerswarskyarena.info/wp-content/uploads/2015/08/Logan-Wind.png,https://summonerswarskyarena.info/wp-content/uploads/2015/08/Neostone-Fighter-Wind.png,https://summonerswarskyarena.info/monster/logan-wind-neostone-fighter-review/,10 20 5 15,13,https://summonerswarskyarena.info/monster-list/
559,3,Attack,Imp Champion,Dark,Loque,https://summonerswarskyarena.info/wp-content/uploads/2014/12/Loque-Dark.png,https://summonerswarskyarena.info/wp-content/uploads/2014/12/Imp-Champion-Dark.png,https://summonerswarskyarena.info/monster/loque-dark-imp-champion-review/,15 10 10 5,12,https://summonerswarskyarena.info/monster-list/
560,5,HP,Occult Girl,Light,Lora,https://summonerswarskyarena.info/wp-content/uploads/2017/02/Lora_Icon.png,https://summonerswarskyarena.info/wp-content/uploads/2017/02/Occult_Girl_Light_Icon.png,https://summonerswarskyarena.info/monster/lora-light-occult-girl-review/,20 10 15 5,13,https://summonerswarskyarena.info/monster-list/
561,3,Attack,Cow Girl,Light,Loren,https://summonerswarskyarena.info/wp-content/uploads/2015/03/Loren-Light.png,https://summonerswarskyarena.info/wp-content/uploads/2015/03/Cow-Girl-Light.png,https://summonerswarskyarena.info/monster/loren-light-cow-girl-review/,15 10 10 5,10,https://summonerswarskyarena.info/monster-list/
562,4,Attack,Cyborg,Water,Lorenza,https://summonerswarskyarena.info/wp-content/uploads/2024/04/unit_icon_0145_1_1_lorenza.png,https://summonerswarskyarena.info/wp-content/uploads/2024/04/unit_icon_0145_0_1.png,https://summonerswarskyarena.info/monster/lorenza-water-cyborg-review/,10 20 5 15,9,https://summonerswarskyarena.info/monster-list/
563,4,Support,Phantom Thief,Light,Louis,https://summonerswarskyarena.info/wp-content/uploads/2017/01/Louis_Icon.png,https://summonerswarskyarena.info/wp-content/uploads/2017/01/Phantom_Thief_Light_Icon.png,https://summonerswarskyarena.info/monster/louis-light-phantom-thief-review/,10 20 5 15,11,https://summonerswarskyarena.info/monster-list/
564,5,Support,Paladin,Wind,Louise,https://summonerswarskyarena.info/wp-content/uploads/2017/09/Louise_Icon.png,https://summonerswarskyarena.info/wp-content/uploads/2017/09/Paladin_Wind_Icon.png,https://summonerswarskyarena.info/monster/louise-wind-paladin-review/,20 10 15 5,12,https://summonerswarskyarena.info/monster-list/
565,3,Defense,Martial Artist,Water,Luan,https://summonerswarskyarena.info/wp-content/uploads/2015/08/Luan-Water.png,https://summonerswarskyarena.info/wp-content/uploads/2015/08/Martial-Artist-Water.png,https://summonerswarskyarena.info/monster/luan-water-martial-artist-review/,15 10 10 5,18,https://summonerswarskyarena.info/monster-list/
566,4,Attack,Neostone Fighter,Light,Lucas,https://summonerswarskyarena.info/wp-content/uploads/2015/08/Lucas-Light.png,https://summonerswarskyarena.info/wp-content/uploads/2015/08/Neostone-Fighter-Light.png,https://summonerswarskyarena.info/monster/lucas-light-neostone-fighter-review/,10 20 5 15,9,https://summonerswarskyarena.info/monster-list/
567,3,Attack,Harpy,Fire,Lucasha,https://summonerswarskyarena.info/wp-content/uploads/2016/08/Lucasha-Fire.png,https://summonerswarskyarena.info/wp-content/uploads/2016/08/Harpy-Fire.png,https://summonerswarskyarena.info/monster/lucasha-fire-harpy-review/,15 10 10 5,16,https://summonerswarskyarena.info/monster-list/
568,5,Support,Pudding Princess,Fire,Lucia,https://summonerswarskyarena.info/wp-content/uploads/2023/07/unit_icon_0099_1_2.png,https://summonerswarskyarena.info/wp-content/uploads/2023/07/unit_icon_0099_0_2.png,https://summonerswarskyarena.info/monster/lucia-fire-pudding-princess-review/,5 15 10 21,10,https://summonerswarskyarena.info/monster-list/
569,4,Attack,Cyborg,Light,Lucia,https://summonerswarskyarena.info/wp-content/uploads/2024/04/unit_icon_0145_1_4_lucia.png,https://summonerswarskyarena.info/wp-content/uploads/2024/04/unit_icon_0145_0_4.png,https://summonerswarskyarena.info/monster/lucia-light-cyborg-review/,10 20 5 15,10,https://summonerswarskyarena.info/monster-list/
570,3,Attack,Elven Ranger,Light,Lucien,https://summonerswarskyarena.info/wp-content/uploads/2015/11/Lucien-Light.png,https://summonerswarskyarena.info/wp-content/uploads/2015/11/Elven-Ranger-Light.png,https://summonerswarskyarena.info/monster/lucien-light-elven-ranger-review/,17 7 12 5,13,https://summonerswarskyarena.info/monster-list/
571,5,HP,Demon,Light,Lucifer,https://summonerswarskyarena.info/wp-content/uploads/2019/08/lucifer.png,https://summonerswarskyarena.info/wp-content/uploads/2019/08/light-demon.png,https://summonerswarskyarena.info/monster/lucifer-light-demon-review/,5 15 10 20,10,https://summonerswarskyarena.info/monster-list/
572,4,Attack,Dice Magician,Fire,Ludo,https://summonerswarskyarena.info/wp-content/uploads/2017/01/Ludo_Icon.png,https://summonerswarskyarena.info/wp-content/uploads/2017/01/Dice_Magician_Fire_Icon.png,https://summonerswarskyarena.info/monster/ludo-fire-dice-magician-review/,10 20 5 15,9,https://summonerswarskyarena.info/monster-list/
573,4,Support,Phantom Thief,Water,Luer,https://summonerswarskyarena.info/wp-content/uploads/2017/01/Luer_Icon.png,https://summonerswarskyarena.info/wp-content/uploads/2017/01/Phantom_Thief_Water_Icon.png,https://summonerswarskyarena.info/monster/luer-water-phantom-thief-review/,10 20 5 15,12,https://summonerswarskyarena.info/monster-list/
574,2,Defense,Salamander,Wind,Lukan,https://summonerswarskyarena.info/wp-content/uploads/2018/06/Lukan_Icon.png,https://summonerswarskyarena.info/wp-content/uploads/2018/06/Salamander_Wind_Icon.png,https://summonerswarskyarena.info/monster/lukan-wind-salamander-review/,20 2 10,15,https://summonerswarskyarena.info/monster-list/
575,2,Support,Howl,Water,Lulu,https://summonerswarskyarena.info/wp-content/uploads/2016/08/Lulu-Water.png,https://summonerswarskyarena.info/wp-content/uploads/2016/08/Howl-Water.png,https://summonerswarskyarena.info/monster/lulu-water-howl-review/,20 15,12,https://summonerswarskyarena.info/monster-list/
576,4,Support,Magic Order Elementalist,Water,Lumina,https://summonerswarskyarena.info/wp-content/uploads/2024/06/unit_icon_0153_1_1_lumina2.png,https://summonerswarskyarena.info/wp-content/uploads/2024/06/unit_icon_0153_0_1_lumina.png,https://summonerswarskyarena.info/monster/lumina-water-magic-order-elementalist-review/,12 15 10 15,10,https://summonerswarskyarena.info/monster-list/
577,4,Support,Sylphid,Water,Lumirecia,https://summonerswarskyarena.info/wp-content/uploads/2017/01/Lumirecia_Icon.png,https://summonerswarskyarena.info/wp-content/uploads/2017/01/Sylphid_Water_Icon-1.png,https://summonerswarskyarena.info/monster/lumirecia-water-sylphid-review/,10 20 5 15,10,https://summonerswarskyarena.info/monster-list/
578,4,Attack,Pierret,Dark,Luna,https://summonerswarskyarena.info/wp-content/uploads/2017/01/Luna_Icon.png,https://summonerswarskyarena.info/wp-content/uploads/2017/01/Pierret_Dark_Icon.png,https://summonerswarskyarena.info/monster/luna-dark-pierret-review/,10 20 5 15,12,https://summonerswarskyarena.info/monster-list/
579,4,HP,Magic Knight,Wind,Lupinus,https://summonerswarskyarena.info/wp-content/uploads/2015/07/Lupinus-Wind.png,https://summonerswarskyarena.info/wp-content/uploads/2015/07/Magic-Knight-Wind.png,https://summonerswarskyarena.info/monster/lupinus-wind-magic-knight/,10 20 5 15,13,https://summonerswarskyarena.info/monster-list/
580,3,HP,Warbear,Light,Lusha,https://summonerswarskyarena.info/wp-content/uploads/2018/06/Lusha_Icon.png,https://summonerswarskyarena.info/wp-content/uploads/2018/06/Warbear_Light_Icon.png,https://summonerswarskyarena.info/monster/lusha-light-warbear-review/,15 5 10 5,13,https://summonerswarskyarena.info/monster-list/
581,4,Attack,Joker,Wind,Lushen,https://summonerswarskyarena.info/wp-content/uploads/2015/09/Lushen-Wind.png,https://summonerswarskyarena.info/wp-content/uploads/2015/09/Joker-Wind.png,https://summonerswarskyarena.info/monster/lushen-wind-joker/,10 20 5 15,13,https://summonerswarskyarena.info/monster-list/
582,5,Attack,Polar Queen,Dark,Lydia,https://summonerswarskyarena.info/wp-content/uploads/2015/03/Lydia-Dark.png,https://summonerswarskyarena.info/wp-content/uploads/2015/03/Polar-Queen-Dark.png,https://summonerswarskyarena.info/monster/lydia-dark-polar-queen-review/,20 10 15 5,12,https://summonerswarskyarena.info/monster-list/
583,3,Attack,Amazon,Light,Lyn,https://summonerswarskyarena.info/wp-content/uploads/2017/01/Lyn_Icon.png,https://summonerswarskyarena.info/wp-content/uploads/2017/01/Amazon_Light_Icon.png,https://summonerswarskyarena.info/monster/lyn-light-amazon-review/,15 10 10 5,13,https://summonerswarskyarena.info/monster-list/
584,5,HP,M.BISON,Fire,M.BISON,https://summonerswarskyarena.info/wp-content/uploads/2020/10/fire-m-bison.png,https://summonerswarskyarena.info/wp-content/uploads/2020/10/fire-m-bison.png,https://summonerswarskyarena.info/monster/m-bison-fire-m-bison-review/,,12,https://summonerswarskyarena.info/monster-list/
585,5,HP,M.BISON,Water,M.BISON,https://summonerswarskyarena.info/wp-content/uploads/2020/10/water-m-bison.png,https://summonerswarskyarena.info/wp-content/uploads/2020/10/water-m-bison.png,https://summonerswarskyarena.info/monster/m-bison-water-m-bison-review/,,10,https://summonerswarskyarena.info/monster-list/
586,5,HP,M.BISON,Wind,M.BISON,https://summonerswarskyarena.info/wp-content/uploads/2020/10/wind-m-bison.png,https://summonerswarskyarena.info/wp-content/uploads/2020/10/wind-m-bison.png,https://summonerswarskyarena.info/monster/m-bison-wind-m-bison-review/,,12,https://summonerswarskyarena.info/monster-list/
587,5,HP,M.BISON,Light,M.BISON,https://summonerswarskyarena.info/wp-content/uploads/2020/10/light-m-bison1.png,https://summonerswarskyarena.info/wp-content/uploads/2020/10/light-m-bison1.png,https://summonerswarskyarena.info/monster/m-bison-light-m-bison-review/,,11,https://summonerswarskyarena.info/monster-list/
588,5,HP,M.BISON,Dark,M.BISON,https://summonerswarskyarena.info/wp-content/uploads/2020/10/dark-m-bison.png,https://summonerswarskyarena.info/wp-content/uploads/2020/10/dark-m-bison.png,https://summonerswarskyarena.info/monster/m-bison-dark-m-bison-review/,,10,https://summonerswarskyarena.info/monster-list/
589,4,Support,Rune Blacksmith,Light,Madeleine,https://summonerswarskyarena.info/wp-content/uploads/2022/01/unit_icon_0081_1_4.png,https://summonerswarskyarena.info/wp-content/uploads/2022/01/unit_icon_0081_0_4.png,https://summonerswarskyarena.info/monster/madeleine-light-rune-blacksmith-review/,15 5 20 10,10,https://summonerswarskyarena.info/monster-list/
590,4,Attack,Madeleine Cookie,Fire,Madeleine Cookie,https://summonerswarskyarena.info/wp-content/uploads/2023/07/unit_icon_0091_1_2.png,https://summonerswarskyarena.info/wp-content/uploads/2023/07/unit_icon_0091_1_2.png,https://summonerswarskyarena.info/monster/madeleine-cookie-fire-madeleine-cookie-review/,,9,https://summonerswarskyarena.info/monster-list/
591,4,Attack,Madeleine Cookie,Water,Madeleine Cookie,https://summonerswarskyarena.info/wp-content/uploads/2023/07/unit_icon_0091_1_1.png,https://summonerswarskyarena.info/wp-content/uploads/2023/07/unit_icon_0091_1_1.png,https://summonerswarskyarena.info/monster/madeleine-cookie-water-madeleine-cookie-review/,,10,https://summonerswarskyarena.info/monster-list/
592,4,HP,Madeleine Cookie,Wind,Madeleine Cookie,https://summonerswarskyarena.info/wp-content/uploads/2023/07/unit_icon_0091_1_3.png,https://summonerswarskyarena.info/wp-content/uploads/2023/07/unit_icon_0091_1_3.png,https://summonerswarskyarena.info/monster/madeleine-cookie-wind-madeleine-cookie-review/,,10,https://summonerswarskyarena.info/monster-list/
593,4,Attack,Madeleine Cookie,Light,Madeleine Cookie,https://summonerswarskyarena.info/wp-content/uploads/2023/07/unit_icon_0091_1_4.png,https://summonerswarskyarena.info/wp-content/uploads/2023/07/unit_icon_0091_1_4.png,https://summonerswarskyarena.info/monster/madeleine-cookie-light-madeleine-cookie-review/,,9,https://summonerswarskyarena.info/monster-list/
594,4,HP,Madeleine Cookie,Dark,Madeleine Cookie,https://summonerswarskyarena.info/wp-content/uploads/2023/07/unit_icon_0091_1_5.png,https://summonerswarskyarena.info/wp-content/uploads/2023/07/unit_icon_0091_1_5.png,https://summonerswarskyarena.info/monster/madeleine-cookie-dark-madeleine-cookie-review/,,11,https://summonerswarskyarena.info/monster-list/
595,3,Defense,Golem,Dark,Maggi,https://summonerswarskyarena.info/wp-content/uploads/2017/03/unit_icon_0005_4_2.png,https://summonerswarskyarena.info/wp-content/uploads/2018/06/Golem_Dark_Icon.png,https://summonerswarskyarena.info/monster/maggi-dark-golem-review/,15 10 10 5,9,https://summonerswarskyarena.info/monster-list/
596,4,Attack,Sniper Mk.I,Light,Magnum,https://summonerswarskyarena.info/wp-content/uploads/2019/02/magnum.png,https://summonerswarskyarena.info/wp-content/uploads/2019/02/light-sniper-mk-i.png,https://summonerswarskyarena.info/monster/magnum-light-sniper-mk-i-review/,15 5 20 10,11,https://summonerswarskyarena.info/monster-list/
597,5,Attack,Magic Order Guardian,Fire,Magnus,https://summonerswarskyarena.info/wp-content/uploads/2024/06/unit_icon_0150_1_2_magnus2.png,https://summonerswarskyarena.info/wp-content/uploads/2024/06/unit_icon_0150_0_2_magnus.png,https://summonerswarskyarena.info/monster/magnus-fire-magic-order-guardian-review/,20 10 15 5,11,https://summonerswarskyarena.info/monster-list/
598,4,Attack,Kobold Bomber,Water,Malaka,https://summonerswarskyarena.info/wp-content/uploads/2014/12/Malaka-Water.png,https://summonerswarskyarena.info/wp-content/uploads/2014/12/Kobold-Bomber-Water.png,https://summonerswarskyarena.info/monster/malaka-water-kobold-bomber-review/,10 20 5 15,13,https://summonerswarskyarena.info/monster-list/
599,4,Defense,Gargoyle,Wind,Malite,https://summonerswarskyarena.info/wp-content/uploads/2019/08/malite.png,https://summonerswarskyarena.info/wp-content/uploads/2019/08/wind-gargoyle.png,https://summonerswarskyarena.info/monster/malite-wind-gargoyle-review/,15 5 20 10,11,https://summonerswarskyarena.info/monster-list/
600,5,Attack,Sea Emperor,Dark,Manannan,https://summonerswarskyarena.info/wp-content/uploads/2015/06/Manannan-Dark.png,https://summonerswarskyarena.info/wp-content/uploads/2015/06/Sea-Emperor-Dark.png,https://summonerswarskyarena.info/monster/manannan-dark-sea-emperor-review/,20 10 15 5,8,https://summonerswarskyarena.info/monster-list/
601,5,Defense,Macaron Guard,Water,Manon,https://summonerswarskyarena.info/wp-content/uploads/2023/07/unit_icon_0097_1_1.png,https://summonerswarskyarena.info/wp-content/uploads/2023/07/unit_icon_0097_0_1.png,https://summonerswarskyarena.info/monster/manon-water-macaron-guard-review/,5 15 10 20,11,https://summonerswarskyarena.info/monster-list/
602,3,HP,Serpent,Dark,Mantura,https://summonerswarskyarena.info/wp-content/uploads/2017/03/unit_icon_0005_4_0.png,https://summonerswarskyarena.info/wp-content/uploads/2017/03/unit_icon_0004_4_4.png,https://summonerswarskyarena.info/monster/mantura-dark-serpent-review/,15 10 10 5,13,https://summonerswarskyarena.info/monster-list/
603,4,HP,Hypnomeow,Fire,Manx,https://summonerswarskyarena.info/wp-content/uploads/2022/05/unit_icon_0085_1_2.png,https://summonerswarskyarena.info/wp-content/uploads/2022/05/unit_icon_0085_0_2.png,https://summonerswarskyarena.info/monster/manx-fire-hypnomeow-review/,15 5 20 10,10,https://summonerswarskyarena.info/monster-list/
604,3,Attack,Drunken Master,Water,Mao,https://summonerswarskyarena.info/wp-content/uploads/2014/10/Mao-Water.png,https://summonerswarskyarena.info/wp-content/uploads/2014/10/Drunken-Master-Water.png,https://summonerswarskyarena.info/monster/mao-water-drunken-master-review/,15 10 10 5,14,https://summonerswarskyarena.info/monster-list/
605,3,Attack,Amazon,Dark,Mara,https://summonerswarskyarena.info/wp-content/uploads/2017/01/Mara_Icon.png,https://summonerswarskyarena.info/wp-content/uploads/2017/01/Amazon_Dark_Icon.png,https://summonerswarskyarena.info/monster/mara-dark-amazon-review/,15 10 10 5,14,https://summonerswarskyarena.info/monster-list/
606,3,HP,Battle Mammoth,Light,Marble,https://summonerswarskyarena.info/wp-content/uploads/2015/03/Marble-Light.png,https://summonerswarskyarena.info/wp-content/uploads/2015/03/Battle-Mammoth-Light.png,https://summonerswarskyarena.info/monster/marble-light-battle-mammoth-review/,15 10 10 5,14,https://summonerswarskyarena.info/monster-list/
607,5,Attack,Exorcist Association Fighter,Water,Mark,https://summonerswarskyarena.info/wp-content/uploads/2024/11/unit_icon_0166_1_5_mark.png,https://summonerswarskyarena.info/wp-content/uploads/2024/11/unit_icon_0166_1_5_mark.png,https://summonerswarskyarena.info/monster/mark-water-exorcist-association-fighter-review/,,10,https://summonerswarskyarena.info/monster-list/
608,4,Attack,Boomerang Warrior,Dark,Martina,https://summonerswarskyarena.info/wp-content/uploads/2018/03/martina.png,https://summonerswarskyarena.info/wp-content/uploads/2018/03/dark-boomerang-warrior.png,https://summonerswarskyarena.info/monster/martina-dark-boomerang-warrior-review/,15 5 20 10,11,https://summonerswarskyarena.info/monster-list/
609,4,Attack,Boomerang Warrior,Fire,Maruna,https://summonerswarskyarena.info/wp-content/uploads/2018/03/maruna.png,https://summonerswarskyarena.info/wp-content/uploads/2018/03/fire-boomerang-warrior.png,https://summonerswarskyarena.info/monster/maruna-fire-boomerang-warrior-review/,15 5 20 10,12,https://summonerswarskyarena.info/monster-list/
610,5,Attack,Beast Rider,Fire,Masha,https://summonerswarskyarena.info/wp-content/uploads/2019/12/unit_icon_0054_1_0.png,https://summonerswarskyarena.info/wp-content/uploads/2019/12/unit_icon_0053_1_4.png,https://summonerswarskyarena.info/monster/masha-fire-beast-rider-review/,5 15 10 20,10,https://summonerswarskyarena.info/monster-list/
611,3,HP,Penguin Knight,Wind,Mav,https://summonerswarskyarena.info/wp-content/uploads/2015/03/Mav-Wind.png,https://summonerswarskyarena.info/wp-content/uploads/2015/03/Penguin-Knight-Wind.png,https://summonerswarskyarena.info/monster/mav-wind-penguin-knight-review/,15 10 10 5,11,https://summonerswarskyarena.info/monster-list/
612,5,Attack,Weapon Master,Dark,Maximilian,https://summonerswarskyarena.info/wp-content/uploads/2022/01/unit_icon_0080_1_5.png,https://summonerswarskyarena.info/wp-content/uploads/2022/01/unit_icon_0080_0_5.png,https://summonerswarskyarena.info/monster/maximilian-dark-weapon-master-review/,5 15 10 20,12,https://summonerswarskyarena.info/monster-list/
613,5,Support,Totemist,Dark,Maya,https://summonerswarskyarena.info/wp-content/uploads/2021/11/unit_icon_0078_1_5.png,https://summonerswarskyarena.info/wp-content/uploads/2021/11/unit_icon_0078_0_5.png,https://summonerswarskyarena.info/monster/maya-dark-totemist-review/,5 15 10 20,11,https://summonerswarskyarena.info/monster-list/
614,4,Attack,Asura,Water,Mayasura,https://summonerswarskyarena.info/wp-content/uploads/2023/07/unit_icon_0119_1_1.png,https://summonerswarskyarena.info/wp-content/uploads/2023/07/unit_icon_0119_0_1.png,https://summonerswarskyarena.info/monster/mayasura-water-asura-review/,15 5 20 10,10,https://summonerswarskyarena.info/monster-list/
615,3,Support,Mystic Witch,Water,Megan,https://summonerswarskyarena.info/wp-content/uploads/2016/12/Megan_Icon.png,https://summonerswarskyarena.info/wp-content/uploads/2016/12/Mystic_Witch_Water_Icon.png,https://summonerswarskyarena.info/monster/megan-water-mystic-witch-review/,15 10 10 5,12,https://summonerswarskyarena.info/monster-list/
616,4,Support,Megumi Fushiguro,Water,Megumi Fushiguro,https://summonerswarskyarena.info/wp-content/uploads/2024/07/unit_icon_0157_1_1_Megumi-Fushiguro_Water.png,https://summonerswarskyarena.info/wp-content/uploads/2024/07/unit_icon_0157_1_1_Megumi-Fushiguro_Water.png,https://summonerswarskyarena.info/monster/megumi-fushiguro-water-megumi-fushiguro-review/,,12,https://summonerswarskyarena.info/monster-list/
617,5,Support,Megumi Fushiguro,Fire,Megumi Fushiguro,https://summonerswarskyarena.info/wp-content/uploads/2024/07/unit_icon_0157_1_2_Megumi-Fushiguro_Fire.png,https://summonerswarskyarena.info/wp-content/uploads/2024/07/unit_icon_0157_1_2_Megumi-Fushiguro_Fire.png,https://summonerswarskyarena.info/monster/megumi-fushiguro-fire-megumi-fushiguro-review/,,10,https://summonerswarskyarena.info/monster-list/
618,5,Support,Megumi Fushiguro,Wind,Megumi Fushiguro,https://summonerswarskyarena.info/wp-content/uploads/2024/07/unit_icon_0157_1_3_Megumi-Fushiguro_Wind.png,https://summonerswarskyarena.info/wp-content/uploads/2024/07/unit_icon_0157_1_3_Megumi-Fushiguro_Wind.png,https://summonerswarskyarena.info/monster/megumi-fushiguro-wind-megumi-fushiguro-review/,,11,https://summonerswarskyarena.info/monster-list/
619,4,Support,Megumi Fushiguro,Light,Megumi Fushiguro,https://summonerswarskyarena.info/wp-content/uploads/2024/07/unit_icon_0157_1_4_Megumi-Fushiguro_Light.png,https://summonerswarskyarena.info/wp-content/uploads/2024/07/unit_icon_0157_1_4_Megumi-Fushiguro_Light.png,https://summonerswarskyarena.info/monster/megumi-fushiguro-light-megumi-fushiguro-review/,,12,https://summonerswarskyarena.info/monster-list/
620,5,Support,Megumi Fushiguro,Dark,Megumi Fushiguro,https://summonerswarskyarena.info/wp-content/uploads/2024/07/unit_icon_0157_1_5_Megumi-Fushiguro_Dark.png,https://summonerswarskyarena.info/wp-content/uploads/2024/07/unit_icon_0157_1_5_Megumi-Fushiguro_Dark.png,https://summonerswarskyarena.info/monster/megumi-fushiguro-dark-megumi-fushiguro-review/,,12,https://summonerswarskyarena.info/monster-list/
621,3,HP,Martial Cat,Fire,Mei,https://summonerswarskyarena.info/wp-content/uploads/2016/12/Mei_Icon.png,https://summonerswarskyarena.info/wp-content/uploads/2016/12/Martial_Cat_Fire_Icon.png,https://summonerswarskyarena.info/monster/mei-fire-martial-cat-review/,15 10 10 5,9,https://summonerswarskyarena.info/monster-list/
622,5,Defense,Monkey King,Fire,Mei Hou Wang,https://summonerswarskyarena.info/wp-content/uploads/2015/09/Mei_Hou_Wang_Icon.png,https://summonerswarskyarena.info/wp-content/uploads/2015/04/Monkey_King_Fire_Icon.png,https://summonerswarskyarena.info/monster/mei-hou-wang-fire-monkey-king-review/,20 10 15 5,9,https://summonerswarskyarena.info/monster-list/
623,4,Attack,Chakram Dancer,Wind,Melissa,https://summonerswarskyarena.info/wp-content/uploads/2018/03/melissa.png,https://summonerswarskyarena.info/wp-content/uploads/2018/03/wind-chakram-dancer.png,https://summonerswarskyarena.info/monster/melissa-wind-chakram-review/,15 5 20 10,11,https://summonerswarskyarena.info/monster-list/
624,4,Support,Dryad,Wind,Mellia,https://summonerswarskyarena.info/wp-content/uploads/2018/09/Mellia_Icon.png,https://summonerswarskyarena.info/wp-content/uploads/2018/09/Dryad_Wind_Icon.png,https://summonerswarskyarena.info/monster/mellia-wind-dryad-review/,15 5 20 10,9,https://summonerswarskyarena.info/monster-list/
625,5,HP,Demon,Wind,Mephisto,https://summonerswarskyarena.info/wp-content/uploads/2019/08/mephisto.png,https://summonerswarskyarena.info/wp-content/uploads/2019/08/wind-demon.png,https://summonerswarskyarena.info/monster/mephisto-wind-demon-review/,5 15 10 20,10,https://summonerswarskyarena.info/monster-list/
626,5,Attack,Panda Warrior,Dark,Mi Ying,https://summonerswarskyarena.info/wp-content/uploads/2016/05/Mi-Ying-Dark.png,https://summonerswarskyarena.info/wp-content/uploads/2017/02/Panda_Warrior_Dark_Icon.png,https://summonerswarskyarena.info/monster/mi-ying-dark-panda-warrior-review/,20 10 15 5,10,https://summonerswarskyarena.info/monster-list/
627,3,Support,Epikion Priest,Wind,Michelle,https://summonerswarskyarena.info/wp-content/uploads/2016/12/Michelle_Icon.png,https://summonerswarskyarena.info/wp-content/uploads/2016/12/Epikion_Priest_Wind_Icon.png,https://summonerswarskyarena.info/monster/michelle-wind-epikion-priest-review/,20 5 15 5,12,https://summonerswarskyarena.info/monster-list/
628,4,Support,Sylphid,Light,Mihael,https://summonerswarskyarena.info/wp-content/uploads/2017/01/Mihael_Icon.png,https://summonerswarskyarena.info/wp-content/uploads/2017/01/Sylphid_Light_Icon.png,https://summonerswarskyarena.info/monster/mihael-light-sylphid-review/,10 20 5 15,10,https://summonerswarskyarena.info/monster-list/
629,3,Attack,Martial Cat,Dark,Miho,https://summonerswarskyarena.info/wp-content/uploads/2017/01/Miho_Icon.png,https://summonerswarskyarena.info/wp-content/uploads/2017/01/Martial_Cat_Dark_Icon.png,https://summonerswarskyarena.info/monster/miho-dark-martial-cat-review/,15 10 10 5,8,https://summonerswarskyarena.info/monster-list/
630,4,Support,Sky Dancer,Water,Mihyang,https://summonerswarskyarena.info/wp-content/uploads/2015/01/mihyang.png,https://summonerswarskyarena.info/wp-content/uploads/2015/01/sky-dancer-water.png,https://summonerswarskyarena.info/monster/mihyang-water-sky-dancer-review/,12 15 10 15,13,https://summonerswarskyarena.info/monster-list/
631,4,Support,Undine,Water,Mikene,https://summonerswarskyarena.info/wp-content/uploads/2018/06/Mikene_Icon.png,https://summonerswarskyarena.info/wp-content/uploads/2018/06/Undine_Water_Icon.png,https://summonerswarskyarena.info/monster/mikene-water-undine-review/,10 20 5 15,9,https://summonerswarskyarena.info/monster-list/
632,5,Support,Sky Surfer,Water,Miles,https://summonerswarskyarena.info/wp-content/uploads/2021/08/unit_icon_0076_1_1.png,https://summonerswarskyarena.info/wp-content/uploads/2021/08/unit_icon_0076_0_1.png,https://summonerswarskyarena.info/monster/miles-water-sky-surfer-review/,5 15 10 20,11,https://summonerswarskyarena.info/monster-list/
633,4,Attack,Barbaric King,Light,Mimirr,https://summonerswarskyarena.info/wp-content/uploads/2015/03/Mimirr-Light.png,https://summonerswarskyarena.info/wp-content/uploads/2015/03/Barbaric-King-Light.png,https://summonerswarskyarena.info/monster/mimirr-light-barbaric-king-review/,10 20 5 15,13,https://summonerswarskyarena.info/monster-list/
634,3,Attack,Martial Cat,Water,Mina,https://summonerswarskyarena.info/wp-content/uploads/2016/12/Mina_Icon.png,https://summonerswarskyarena.info/wp-content/uploads/2016/12/Martial_Cat_Water_Icon.png,https://summonerswarskyarena.info/monster/mina-water-martial-cat-review/,15 10 10 5,8,https://summonerswarskyarena.info/monster-list/
635,5,Attack,Shadowcaster,Water,Minato,https://summonerswarskyarena.info/wp-content/uploads/2022/04/unit_icon_0086_1_1.png,https://summonerswarskyarena.info/wp-content/uploads/2022/04/unit_icon_0086_0_1.png,https://summonerswarskyarena.info/monster/minato-water-shadowcaster-review/,5 15 10 20,10,https://summonerswarskyarena.info/monster-list/
636,4,Support,Dokkaebi Princess and Sapsaree,Water,Minji and Sapsaree,https://summonerswarskyarena.info/wp-content/uploads/2023/10/unit_icon_0132_1_1.png,https://summonerswarskyarena.info/wp-content/uploads/2023/10/unit_icon_0132_0_1.png,https://summonerswarskyarena.info/monster/minji-and-sapsaree-water-dokkaebi-princess-and-sapsaree-review/,15 5 20 10,10,https://summonerswarskyarena.info/monster-list/
637,4,Support,Rune Blacksmith,Fire,Miriam,https://summonerswarskyarena.info/wp-content/uploads/2022/01/unit_icon_0081_1_2.png,https://summonerswarskyarena.info/wp-content/uploads/2022/01/unit_icon_0081_0_2.png,https://summonerswarskyarena.info/monster/miriam-fire-rune-blacksmith-review/,15 5 20 10,9,https://summonerswarskyarena.info/monster-list/
638,4,Support,String Master,Dark,Mirinae,https://summonerswarskyarena.info/wp-content/uploads/2020/06/mirinae.png,https://summonerswarskyarena.info/wp-content/uploads/2020/06/dark-string-master.png,https://summonerswarskyarena.info/monster/mirinae-dark-string-master-review/,15 5 20 10,12,https://summonerswarskyarena.info/monster-list/
639,5,Support,Twin Angels,Light,Miruel and Graciah,https://summonerswarskyarena.info/wp-content/uploads/2023/12/unit_icon_0136_1_4.png,https://summonerswarskyarena.info/wp-content/uploads/2023/12/unit_icon_0136_0_4.png,https://summonerswarskyarena.info/monster/miruel-and-graciah-light-twin-angels-review/,5 15 10 20,12,https://summonerswarskyarena.info/monster-list/
640,4,Attack,Jack-o’-lantern,Light,Misty,https://summonerswarskyarena.info/wp-content/uploads/2015/10/Misty-Light.png,https://summonerswarskyarena.info/wp-content/uploads/2015/10/Jack-o-lantern-Light.png,https://summonerswarskyarena.info/monster/misty-light-jack-o-lantern-review/,10 20 5 15,11,https://summonerswarskyarena.info/monster-list/
641,5,Attack,Exorcist Association Hunter,Water,Mizuki,https://summonerswarskyarena.info/wp-content/uploads/2024/11/unit_icon_0164_1_1_mizuki.png,https://summonerswarskyarena.info/wp-content/uploads/2024/11/unit_icon_0164_1_1_mizuki.png,https://summonerswarskyarena.info/monster/mizuki-water-exorcist-association-hunter-review/,,11,https://summonerswarskyarena.info/monster-list/
642,5,HP,Panda Warrior,Water,Mo Long,https://summonerswarskyarena.info/wp-content/uploads/2016/05/Mo-Long-Water.png,https://summonerswarskyarena.info/wp-content/uploads/2016/05/Panda-Warrior-Water.png,https://summonerswarskyarena.info/monster/mo-long-water-panda-warrior-review/,20 10 15 5,13,https://summonerswarskyarena.info/monster-list/
643,4,Support,Mermaid,Light,Molly,https://summonerswarskyarena.info/wp-content/uploads/2015/06/Molly-Light.png,https://summonerswarskyarena.info/wp-content/uploads/2015/06/Mermaid-Light.png,https://summonerswarskyarena.info/monster/molly-light-mermaid-review/,10 20 5 15,8,https://summonerswarskyarena.info/monster-list/
644,5,Attack,Mage,Wind,Momo,https://summonerswarskyarena.info/wp-content/uploads/2021/05/momo.webp,https://summonerswarskyarena.info/wp-content/uploads/2021/05/wind-mage.webp,https://summonerswarskyarena.info/monster/momo-wind-mage-review/,5 15 10 20,10,https://summonerswarskyarena.info/monster-list/
645,4,Support,Dice Magician,Dark,Monte,https://summonerswarskyarena.info/wp-content/uploads/2017/01/Monte_Icon.png,https://summonerswarskyarena.info/wp-content/uploads/2017/01/Dice_Magician_Dark_Icon.png,https://summonerswarskyarena.info/monster/monte-dark-dice-magician-review/,10 20 5 15,11,https://summonerswarskyarena.info/monster-list/
646,5,HP,Dokkaebi Lord,Fire,Moogwang,https://summonerswarskyarena.info/wp-content/uploads/2023/10/unit_icon_0133_1_2.png,https://summonerswarskyarena.info/wp-content/uploads/2023/10/unit_icon_0133_0_2.png,https://summonerswarskyarena.info/monster/moogwang-fire-dokkaebi-lord-review/,5 15 10 20,11,https://summonerswarskyarena.info/monster-list/
647,5,Support,Art Master,Dark,Mookwol,https://summonerswarskyarena.info/wp-content/uploads/2020/06/mookwol.png,https://summonerswarskyarena.info/wp-content/uploads/2020/06/dark-art-master.png,https://summonerswarskyarena.info/monster/mookwol-dark-art-master-review/,5 15 10 20,12,https://summonerswarskyarena.info/monster-list/
648,5,Attack,Striker,Water,Moore,https://summonerswarskyarena.info/wp-content/uploads/2020/11/moore.png,https://summonerswarskyarena.info/wp-content/uploads/2020/11/water-striker.png,https://summonerswarskyarena.info/monster/moore-water-striker-review/,5 15 10 20,10,https://summonerswarskyarena.info/monster-list/
649,3,Attack,High Elemental,Wind,Moria,https://summonerswarskyarena.info/wp-content/uploads/2018/06/Moria_Icon.png,https://summonerswarskyarena.info/wp-content/uploads/2018/06/High_Elemental_Wind_Icon.png,https://summonerswarskyarena.info/monster/moria-wind-high-elemental-review/,15 10 10 5,9,https://summonerswarskyarena.info/monster-list/
650,4,HP,Tomb Warden,Water,Mork,https://summonerswarskyarena.info/wp-content/uploads/2024/12/unit_icon_0176_0_1_mork2.png,https://summonerswarskyarena.info/wp-content/uploads/2024/12/unit_icon_0176_0_1_mork.png,https://summonerswarskyarena.info/monster/mork-water-tomb-warden-review/,5 15 10 20,12,https://summonerswarskyarena.info/monster-list/
651,4,Support,Dice Magician,Wind,Morris,https://summonerswarskyarena.info/wp-content/uploads/2017/01/Morris_Icon.png,https://summonerswarskyarena.info/wp-content/uploads/2017/01/Dice_Magician_Wind_Icon.png,https://summonerswarskyarena.info/monster/morris-wind-dice-magician-review/,10 20 5 15,9,https://summonerswarskyarena.info/monster-list/
652,5,Support,Specter Princess,Light,Mortera,https://summonerswarskyarena.info/wp-content/uploads/2024/12/unit_icon_0175_0_4_Mortera2.png,https://summonerswarskyarena.info/wp-content/uploads/2024/12/unit_icon_0175_0_4_Mortera.png,https://summonerswarskyarena.info/monster/mortera-light-specter-princess-review/,15 5 20 10,10,https://summonerswarskyarena.info/monster-list/
653,5,Support,Hacker,Dark,N1X,https://summonerswarskyarena.info/wp-content/uploads/2024/04/unit_icon_0146_1_5_n1x.png,https://summonerswarskyarena.info/wp-content/uploads/2024/04/unit_icon_0146_0_5.png,https://summonerswarskyarena.info/monster/n1x-dark-hacker-review/,20 10 15 5,11,https://summonerswarskyarena.info/monster-list/
654,3,HP,Penguin Knight,Fire,Naki,https://summonerswarskyarena.info/wp-content/uploads/2015/03/Naki-Fire.png,https://summonerswarskyarena.info/wp-content/uploads/2015/03/Penguin-Knight-Fire.png,https://summonerswarskyarena.info/monster/naki-fire-penguin-knight-review/,15 10 10 5,13,https://summonerswarskyarena.info/monster-list/
655,3,HP,Mummy,Wind,Namib,https://summonerswarskyarena.info/wp-content/uploads/2015/10/Namib-Wind.png,https://summonerswarskyarena.info/wp-content/uploads/2015/10/Mummy-Wind.png,https://summonerswarskyarena.info/monster/namib-wind-mummy-review/,15 10 10 5,8,https://summonerswarskyarena.info/monster-list/
656,5,Support,Mage,Water,Nana,https://summonerswarskyarena.info/wp-content/uploads/2021/05/nana.png,https://summonerswarskyarena.info/wp-content/uploads/2021/05/water-mage.png,https://summonerswarskyarena.info/monster/nana-water-mage-review/,5 15 10 20,,https://summonerswarskyarena.info/monster-list/
657,3,Attack,Beast Hunter,Fire,Nangrim,https://summonerswarskyarena.info/wp-content/uploads/2015/01/nangrim.png,https://summonerswarskyarena.info/wp-content/uploads/2015/01/beast-hunter-fire.png,https://summonerswarskyarena.info/monster/nangrim-fire-beast-hunter-review/,15 10 10 5,9,https://summonerswarskyarena.info/monster-list/
658,3,Attack,Martial Cat,Wind,Naomi,https://summonerswarskyarena.info/wp-content/uploads/2016/12/Naomi_Icon-1.png,https://summonerswarskyarena.info/wp-content/uploads/2016/12/Martial_Cat_Wind_Icon.png,https://summonerswarskyarena.info/monster/naomi-wind-martial-cat-review/,15 10 10 5,8,https://summonerswarskyarena.info/monster-list/
659,5,Attack,Beast Rider,Light,Narsha,https://summonerswarskyarena.info/wp-content/uploads/2019/12/unit_icon_0054_3_0.png,https://summonerswarskyarena.info/wp-content/uploads/2019/12/unit_icon_0053_3_4.png,https://summonerswarskyarena.info/monster/narsha-light-beast-rider-review/,5 15 10 20,10,https://summonerswarskyarena.info/monster-list/
660,4,Attack,Assassin,Light,Natalie,https://summonerswarskyarena.info/wp-content/uploads/2015/08/Natalie-Light.png,https://summonerswarskyarena.info/wp-content/uploads/2015/08/Assassin-Light.png,https://summonerswarskyarena.info/monster/natalie-light-assassin-review/,10 20 5 15,14,https://summonerswarskyarena.info/monster-list/
661,3,Support,Fairy,Light,Neal,https://summonerswarskyarena.info/wp-content/uploads/2018/06/Neal_Icon.png,https://summonerswarskyarena.info/wp-content/uploads/2018/06/Fairy_Light_Icon.png,https://summonerswarskyarena.info/monster/neal-light-fairy-review/,5 10 10 15,15,https://summonerswarskyarena.info/monster-list/
662,4,HP,Hypnomeow,Wind,Nebelung,https://summonerswarskyarena.info/wp-content/uploads/2022/05/unit_icon_0085_1_3.png,https://summonerswarskyarena.info/wp-content/uploads/2022/05/unit_icon_0085_0_3.png,https://summonerswarskyarena.info/monster/nebelung-wind-hypnomeow-review/,15 5 20 10,10,https://summonerswarskyarena.info/monster-list/
663,5,Support,Desert Queen,Dark,Nephthys,https://summonerswarskyarena.info/wp-content/uploads/2015/10/Nephthys-Dark.png,https://summonerswarskyarena.info/wp-content/uploads/2015/10/Desert-Queen-Dark.png,https://summonerswarskyarena.info/monster/nephthys-dark-desert-queen-review/,20 10 15 5,9,https://summonerswarskyarena.info/monster-list/
664,5,Support,Justice,Water,Neriope,https://summonerswarskyarena.info/wp-content/uploads/2025/12/unit_icon_0202_0_1_Neriope2.png,https://summonerswarskyarena.info/wp-content/uploads/2025/12/unit_icon_0202_0_1_Neriope.png,https://summonerswarskyarena.info/monster/neriope-water-justice-review/,20 10 15 5,9,https://summonerswarskyarena.info/monster-list/
665,5,HP,Nezuko Kamado,Water,Nezuko Kamado,https://summonerswarskyarena.info/wp-content/uploads/2025/01/unit_icon_0167_1_1_NezukoWa.png,https://summonerswarskyarena.info/wp-content/uploads/2025/01/unit_icon_0167_1_1_NezukoWa.png,https://summonerswarskyarena.info/monster/nezuko-kamado-water-nezuko-kamado-review/,,11,https://summonerswarskyarena.info/monster-list/
666,5,Support,Nezuko Kamado,Fire,Nezuko Kamado,https://summonerswarskyarena.info/wp-content/uploads/2025/01/unit_icon_0167_1_1_NezukoF.png,https://summonerswarskyarena.info/wp-content/uploads/2025/01/unit_icon_0167_1_1_NezukoF.png,https://summonerswarskyarena.info/monster/nezuko-kamado-fire-nezuko-kamado-review/,,12,https://summonerswarskyarena.info/monster-list/
667,4,Support,Nezuko Kamado,Wind,Nezuko Kamado,https://summonerswarskyarena.info/wp-content/uploads/2025/01/unit_icon_0167_1_1_NezukoWi.png,https://summonerswarskyarena.info/wp-content/uploads/2025/01/unit_icon_0167_1_1_NezukoWi.png,https://summonerswarskyarena.info/monster/nezuko-kamado-wind-nezuko-kamado-review/,,11,https://summonerswarskyarena.info/monster-list/
668,4,Attack,Nezuko Kamado,Light,Nezuko Kamado,https://summonerswarskyarena.info/wp-content/uploads/2025/01/unit_icon_0167_1_1_NezukoL.png,https://summonerswarskyarena.info/wp-content/uploads/2025/01/unit_icon_0167_1_1_NezukoL.png,https://summonerswarskyarena.info/monster/nezuko-kamado-light-nezuko-kamado-review/,,10,https://summonerswarskyarena.info/monster-list/
669,5,Support,Nezuko Kamado,Dark,Nezuko Kamado,https://summonerswarskyarena.info/wp-content/uploads/2025/01/unit_icon_0167_1_1_NezukoD.png,https://summonerswarskyarena.info/wp-content/uploads/2025/01/unit_icon_0167_1_1_NezukoD.png,https://summonerswarskyarena.info/monster/nezuko-kamado-dark-nezuko-kamado-review/,,12,https://summonerswarskyarena.info/monster-list/
670,3,Defense,Living Armor,Water,Nickel,https://summonerswarskyarena.info/wp-content/uploads/2016/12/Nickel_Icon.png,https://summonerswarskyarena.info/wp-content/uploads/2016/12/Living_Armor_Water_Icon.png,https://summonerswarskyarena.info/monster/nickel-water-living-armor-review/,15 10 10 5,12,https://summonerswarskyarena.info/monster-list/
671,5,Attack,Occult Girl,Dark,Nicki,https://summonerswarskyarena.info/wp-content/uploads/2017/02/Nicki_Icon.png,https://summonerswarskyarena.info/wp-content/uploads/2017/02/Occult_Girl_Dark_Icon.png,https://summonerswarskyarena.info/monster/nicki-dark-occult-girl-review/,20 10 15 5,13,https://summonerswarskyarena.info/monster-list/
672,5,HP,Night Fang,Water,Night Fang,https://summonerswarskyarena.info/wp-content/uploads/2026/06/unit_icon_0216_1_1_night_fang_wa.png,https://summonerswarskyarena.info/wp-content/uploads/2026/06/unit_icon_0216_1_1_night_fang_wa.png,https://summonerswarskyarena.info/monster/night-fang-water-night-fang-review/,,10,https://summonerswarskyarena.info/monster-list/
673,5,HP,Night Fang,Fire,Night Fang,https://summonerswarskyarena.info/wp-content/uploads/2026/06/unit_icon_0216_1_2_night_fang_fi.png,https://summonerswarskyarena.info/wp-content/uploads/2026/06/unit_icon_0216_1_2_night_fang_fi.png,https://summonerswarskyarena.info/monster/night-fang-fire-night-fang-review/,,8,https://summonerswarskyarena.info/monster-list/
674,4,HP,Night Fang,Wind,Night Fang,https://summonerswarskyarena.info/wp-content/uploads/2026/06/unit_icon_0216_1_3_night_fang_wi.png,https://summonerswarskyarena.info/wp-content/uploads/2026/06/unit_icon_0216_1_3_night_fang_wi.png,https://summonerswarskyarena.info/monster/night-fang-wind-night-fang-review/,,11,https://summonerswarskyarena.info/monster-list/
675,4,HP,Night Fang,Light,Night Fang,https://summonerswarskyarena.info/wp-content/uploads/2026/06/unit_icon_0216_1_4_night_fang_li.png,https://summonerswarskyarena.info/wp-content/uploads/2026/06/unit_icon_0216_1_4_night_fang_li.png,https://summonerswarskyarena.info/monster/night-fang-light-night-fang-review/,,8,https://summonerswarskyarena.info/monster-list/
676,5,HP,Night Fang,Dark,Night Fang,https://summonerswarskyarena.info/wp-content/uploads/2026/06/unit_icon_0216_1_5_night_fang_da.png,https://summonerswarskyarena.info/wp-content/uploads/2026/06/unit_icon_0216_1_5_night_fang_da.png,https://summonerswarskyarena.info/monster/night-fang-dark-night-fang-review/,,11,https://summonerswarskyarena.info/monster-list/
677,5,HP,Sage,Light,Nigong,https://summonerswarskyarena.info/wp-content/uploads/2015/01/nigong.png,https://summonerswarskyarena.info/wp-content/uploads/2015/01/pioneer-light.png,https://summonerswarskyarena.info/monster/nigong-light-pioneer-review/,20 10 15 5,11,https://summonerswarskyarena.info/monster-list/
678,5,Support,Nina Williams,Water,Nina Williams,https://summonerswarskyarena.info/wp-content/uploads/2025/07/unit_icon_0186_1_1_ninawilliams_wa.png,https://summonerswarskyarena.info/wp-content/uploads/2025/07/unit_icon_0186_1_1_ninawilliams_wa.png,https://summonerswarskyarena.info/monster/nina-williams-water-nina-williams-review/,,,https://summonerswarskyarena.info/monster-list/
679,4,Attack,Nina Williams,Fire,Nina Williams,https://summonerswarskyarena.info/wp-content/uploads/2025/07/unit_icon_0186_1_1_ninawilliams_f.png,https://summonerswarskyarena.info/wp-content/uploads/2025/07/unit_icon_0186_1_1_ninawilliams_f.png,https://summonerswarskyarena.info/monster/nina-williams-fire-nina-williams-review/,,13,https://summonerswarskyarena.info/monster-list/
680,4,Attack,Nina Williams,Wind,Nina Williams,https://summonerswarskyarena.info/wp-content/uploads/2025/07/unit_icon_0186_1_1_ninawilliams_wi.png,https://summonerswarskyarena.info/wp-content/uploads/2025/07/unit_icon_0186_1_1_ninawilliams_wi.png,https://summonerswarskyarena.info/monster/nina-williams-wind-nina-williams-review/,,12,https://summonerswarskyarena.info/monster-list/
681,5,Support,Nina Williams,Dark,Nina Williams,https://summonerswarskyarena.info/wp-content/uploads/2025/07/unit_icon_0186_1_1_ninawilliams_d.png,https://summonerswarskyarena.info/wp-content/uploads/2025/07/unit_icon_0186_1_1_ninawilliams_d.png,https://summonerswarskyarena.info/monster/nina-williams-dark-nina-williams-review/,,11,https://summonerswarskyarena.info/monster-list/
682,4,Support,Dryad,Fire,Nisha,https://summonerswarskyarena.info/wp-content/uploads/2018/09/Nisha_Icon.png,https://summonerswarskyarena.info/wp-content/uploads/2018/09/Dryad_Fire_Icon.png,https://summonerswarskyarena.info/monster/nisha-fire-dryad-review/,15 5 20 10,13,https://summonerswarskyarena.info/monster-list/
683,5,Attack,Nobara Kugisaki,Water,Nobara Kugisaki,https://summonerswarskyarena.info/wp-content/uploads/2024/07/unit_icon_0156_1_1_Nobara-Kugisaki_Water.png,https://summonerswarskyarena.info/wp-content/uploads/2024/07/unit_icon_0156_1_1_Nobara-Kugisaki_Water.png,https://summonerswarskyarena.info/monster/nobara-kugisaki-water-nobara-kugisaki-review/,,11,https://summonerswarskyarena.info/monster-list/
684,4,HP,Nobara Kugisaki,Fire,Nobara Kugisaki,https://summonerswarskyarena.info/wp-content/uploads/2024/07/unit_icon_0156_1_2_Nobara-Kugisaki_Fire.png,https://summonerswarskyarena.info/wp-content/uploads/2024/07/unit_icon_0156_1_2_Nobara-Kugisaki_Fire.png,https://summonerswarskyarena.info/monster/nobara-kugisaki-fire-nobara-kugisaki-review/,,12,https://summonerswarskyarena.info/monster-list/
685,5,HP,Nobara Kugisaki,Wind,Nobara Kugisaki,https://summonerswarskyarena.info/wp-content/uploads/2024/07/unit_icon_0156_1_3_Nobara-Kugisaki_Wind.png,https://summonerswarskyarena.info/wp-content/uploads/2024/07/unit_icon_0156_1_3_Nobara-Kugisaki_Wind.png,https://summonerswarskyarena.info/monster/nobara-kugisaki-wind-nobara-kugisaki-review/,,10,https://summonerswarskyarena.info/monster-list/
686,5,HP,Nobara Kugisaki,Light,Nobara Kugisaki,https://summonerswarskyarena.info/wp-content/uploads/2024/07/unit_icon_0156_1_4_Nobara-Kugisaki_Light.png,https://summonerswarskyarena.info/wp-content/uploads/2024/07/unit_icon_0156_1_4_Nobara-Kugisaki_Light.png,https://summonerswarskyarena.info/monster/nobara-kugisaki-light-nobara-kugisaki-review/,,10,https://summonerswarskyarena.info/monster-list/
687,4,Attack,Nobara Kugisaki,Dark,Nobara Kugisaki,https://summonerswarskyarena.info/wp-content/uploads/2024/07/unit_icon_0156_1_5_Nobara-Kugisaki_Dark.png,https://summonerswarskyarena.info/wp-content/uploads/2024/07/unit_icon_0156_1_5_Nobara-Kugisaki_Dark.png,https://summonerswarskyarena.info/monster/nobara-kugisaki-dark-nobara-kugisaki-review/,,11,https://summonerswarskyarena.info/monster-list/
688,4,Support,Magic Order Elementalist,Wind,Nobella,https://summonerswarskyarena.info/wp-content/uploads/2024/06/unit_icon_0153_1_3_nobella2.png,https://summonerswarskyarena.info/wp-content/uploads/2024/06/unit_icon_0153_0_3_nobella.png,https://summonerswarskyarena.info/monster/nobella-wind-magic-order-elementalist-review/,12 15 10 15,12,https://summonerswarskyarena.info/monster-list/
689,5,Support,Totemist,Fire,Nora,https://summonerswarskyarena.info/wp-content/uploads/2021/11/unit_icon_0078_1_2.png,https://summonerswarskyarena.info/wp-content/uploads/2021/11/unit_icon_0078_0_2.png,https://summonerswarskyarena.info/monster/nora-fire-totemist-review/,5 15 10 20,11,https://summonerswarskyarena.info/monster-list/
690,3,HP,Mummy,Water,Nubia,https://summonerswarskyarena.info/wp-content/uploads/2015/10/Nubia-Water.png,https://summonerswarskyarena.info/wp-content/uploads/2015/10/Mummy-Water.png,https://summonerswarskyarena.info/monster/nubia-water-mummy-review/,15 10 10 5,11,https://summonerswarskyarena.info/monster-list/
691,5,Support,Fairy King,Dark,Nyx,https://summonerswarskyarena.info/wp-content/uploads/2016/02/Nyx-Dark.png,https://summonerswarskyarena.info/wp-content/uploads/2016/02/Fairy-King-Dark.png,https://summonerswarskyarena.info/monster/nyx-dark-fairy-king-review/,20 10 15 5,9,https://summonerswarskyarena.info/monster-list/
692,5,Attack,Fairy King,Light,Oberon,https://summonerswarskyarena.info/wp-content/uploads/2016/02/Oberon-Light.png,https://summonerswarskyarena.info/wp-content/uploads/2016/02/Fairy-King-Light.png,https://summonerswarskyarena.info/monster/oberon-light-fairy-king-review/,20 10 15 5,10,https://summonerswarskyarena.info/monster-list/
693,5,Attack,Lightning Emperor,Wind,Odin,https://summonerswarskyarena.info/wp-content/uploads/2018/10/Odin_Icon.png,https://summonerswarskyarena.info/wp-content/uploads/2018/10/Lightning_Emperor_Wind_Icon.png,https://summonerswarskyarena.info/monster/odin-wind-lightning-emperor-review/,20 10 15 5,11,https://summonerswarskyarena.info/monster-list/
694,5,Attack,Sea Emperor,Fire,Okeanos,https://summonerswarskyarena.info/wp-content/uploads/2015/06/Okeanos-Fire.png,https://summonerswarskyarena.info/wp-content/uploads/2015/06/Sea-Emperor-Fire.png,https://summonerswarskyarena.info/monster/okeanos-fire-sea-emperor-review/,20 10 15 5,13,https://summonerswarskyarena.info/monster-list/
695,5,Support,Old Wood,Water,Old Wood,https://summonerswarskyarena.info/wp-content/uploads/2026/06/unit_icon_0215_1_1_old_wood_wa.png,https://summonerswarskyarena.info/wp-content/uploads/2026/06/unit_icon_0215_1_1_old_wood_wa.png,https://summonerswarskyarena.info/monster/old-wood-water-old-wood-review/,,9,https://summonerswarskyarena.info/monster-list/
696,5,Support,Old Wood,Fire,Old Wood,https://summonerswarskyarena.info/wp-content/uploads/2026/06/unit_icon_0215_1_2_old_wood_f.png,https://summonerswarskyarena.info/wp-content/uploads/2026/06/unit_icon_0215_1_2_old_wood_f.png,https://summonerswarskyarena.info/monster/old-wood-fire-old-wood-review/,,12,https://summonerswarskyarena.info/monster-list/
697,5,Support,Old Wood,Wind,Old Wood,https://summonerswarskyarena.info/wp-content/uploads/2026/06/unit_icon_0215_1_3_old_wood_wi.png,https://summonerswarskyarena.info/wp-content/uploads/2026/06/unit_icon_0215_1_3_old_wood_wi.png,https://summonerswarskyarena.info/monster/old-wood-wind-old-wood-review/,,9,https://summonerswarskyarena.info/monster-list/
698,5,Support,Old Wood,Light,Old Wood,https://summonerswarskyarena.info/wp-content/uploads/2026/06/unit_icon_0215_1_4_old_wood_li.png,https://summonerswarskyarena.info/wp-content/uploads/2026/06/unit_icon_0215_1_4_old_wood_li.png,https://summonerswarskyarena.info/monster/old-wood-light-old-wood-review/,,11,https://summonerswarskyarena.info/monster-list/
699,5,Attack,Old Wood,Dark,Old Wood,https://summonerswarskyarena.info/wp-content/uploads/2026/06/unit_icon_0215_1_5_old_wood_da.png,https://summonerswarskyarena.info/wp-content/uploads/2026/06/unit_icon_0215_1_5_old_wood_da.png,https://summonerswarskyarena.info/monster/old-wood-dark-old-wood-review/,,12,https://summonerswarskyarena.info/monster-list/
700,5,Attack,Sky Surfer,Wind,Oliver,https://summonerswarskyarena.info/wp-content/uploads/2021/08/unit_icon_0076_1_3.png,https://summonerswarskyarena.info/wp-content/uploads/2021/08/unit_icon_0076_0_3.png,https://summonerswarskyarena.info/monster/oliver-wind-sky-surfer-review/,5 15 10 20,11,https://summonerswarskyarena.info/monster-list/
701,4,Support,Neostone Agent,Wind,Olivia,https://summonerswarskyarena.info/wp-content/uploads/2015/08/Olivia-Wind-N.png,https://summonerswarskyarena.info/wp-content/uploads/2015/08/Neostone-Agent-Wind-N.png,https://summonerswarskyarena.info/monster/olivia-wind-neostone-agent-review/,12 15 7 15,11,https://summonerswarskyarena.info/monster-list/
702,3,Defense,Battle Mammoth,Wind,Olivine,https://summonerswarskyarena.info/wp-content/uploads/2015/03/Olivine-Wind.png,https://summonerswarskyarena.info/wp-content/uploads/2015/03/Battle-Mammoth-Wind.png,https://summonerswarskyarena.info/monster/olivine-wind-battle-mammoth-review/,15 10 10 5,12,https://summonerswarskyarena.info/monster-list/
703,4,Support,Desert Warrior,Water,Omar,https://summonerswarskyarena.info/wp-content/uploads/2023/07/unit_icon_0115_1_1.png,https://summonerswarskyarena.info/wp-content/uploads/2023/07/unit_icon_0115_0_1.png,https://summonerswarskyarena.info/monster/omar-water-desert-warrior-review/,15 10 15 12,13,https://summonerswarskyarena.info/monster-list/
704,5,Attack,Onimusha,Dark,Ongyouki,https://summonerswarskyarena.info/wp-content/uploads/2021/02/ongyouki.png,https://summonerswarskyarena.info/wp-content/uploads/2021/02/dark-onimusha.png,https://summonerswarskyarena.info/monster/ongyouki-dark-onimusha-review/,15 7 15 12,10,https://summonerswarskyarena.info/monster-list/
705,4,Defense,Gargoyle,Dark,Onyx,https://summonerswarskyarena.info/wp-content/uploads/2019/08/onyx.png,https://summonerswarskyarena.info/wp-content/uploads/2019/08/dark-gargoyle.png,https://summonerswarskyarena.info/monster/onyx-dark-gargoyle-review/,15 5 20 10,8,https://summonerswarskyarena.info/monster-list/
706,5,HP,Paladin,Fire,Ophilia,https://summonerswarskyarena.info/wp-content/uploads/2017/09/Ophilia_Icon.png,https://summonerswarskyarena.info/wp-content/uploads/2017/09/Paladin_Fire_Icon.png,https://summonerswarskyarena.info/monster/ophilia-fire-paladin/,20 10 15 5,10,https://summonerswarskyarena.info/monster-list/
707,4,Support,Brownie Magician,Water,Orion,https://summonerswarskyarena.info/wp-content/uploads/2014/12/Orion-Water.png,https://summonerswarskyarena.info/wp-content/uploads/2014/12/Brownie-Magician-Water.png,https://summonerswarskyarena.info/monster/orion-water-brownie-magician-review/,10 20 5 15,10,https://summonerswarskyarena.info/monster-list/
708,4,HP,Ninja,Wind,Orochi,https://summonerswarskyarena.info/wp-content/uploads/2017/01/Orochi_Icon.png,https://summonerswarskyarena.info/wp-content/uploads/2017/01/Ninja_Wind_Icon.png,https://summonerswarskyarena.info/monster/orochi-wind-ninja-review/,10 20 5 15,11,https://summonerswarskyarena.info/monster-list/
709,5,Support,Specter Princess,Wind,Orphina,https://summonerswarskyarena.info/wp-content/uploads/2024/12/unit_icon_0175_0_3_Orphina2.png,https://summonerswarskyarena.info/wp-content/uploads/2024/12/unit_icon_0175_0_3_Orphina.png,https://summonerswarskyarena.info/monster/orphina-wind-specter-princess-review/,15 5 20 10,10,https://summonerswarskyarena.info/monster-list/
710,4,Attack,Rakshasa,Light,Pang,https://summonerswarskyarena.info/wp-content/uploads/2017/01/Pang_Icon.png,https://summonerswarskyarena.info/wp-content/uploads/2017/01/Rakshasa_Light_Icon.png,https://summonerswarskyarena.info/monster/pang-light-rakshasa-review/,10 20 5 15,10,https://summonerswarskyarena.info/monster-list/
711,5,Defense,Indra,Water,Parjanya,https://summonerswarskyarena.info/wp-content/uploads/2023/07/unit_icon_0118_1_1.png,https://summonerswarskyarena.info/wp-content/uploads/2023/07/unit_icon_0118_0_1.png,https://summonerswarskyarena.info/monster/parjanya-water-indra-review/,5 15 10 20,11,https://summonerswarskyarena.info/monster-list/
712,5,HP,Druid,Dark,Pater,https://summonerswarskyarena.info/wp-content/uploads/2018/09/pater.png,https://summonerswarskyarena.info/wp-content/uploads/2018/09/dark-druid.png,https://summonerswarskyarena.info/monster/pater-dark-druid-review/,20 10 15 5,11,https://summonerswarskyarena.info/monster-list/
713,5,Attack,Steel Commander,Fire,Patrick,https://summonerswarskyarena.info/wp-content/uploads/2023/07/unit_icon_0114_1_2.png,https://summonerswarskyarena.info/wp-content/uploads/2023/07/unit_icon_0114_0_2.png,https://summonerswarskyarena.info/monster/patrick-fire-steel-commander-review/,15 10 15 12,11,https://summonerswarskyarena.info/monster-list/
714,5,HP,Paul Phoenix,Water,Paul Phoenix,https://summonerswarskyarena.info/wp-content/uploads/2025/07/unit_icon_0186_1_1_paulphoenix_wa.png,https://summonerswarskyarena.info/wp-content/uploads/2025/07/unit_icon_0186_1_1_paulphoenix_wa.png,https://summonerswarskyarena.info/monster/paul-phoenix-water-paul-phoenix-review/,,10,https://summonerswarskyarena.info/monster-list/
715,5,HP,Paul Phoenix,Fire,Paul Phoenix,https://summonerswarskyarena.info/wp-content/uploads/2025/07/unit_icon_0186_1_1_paulphoenix_f.png,https://summonerswarskyarena.info/wp-content/uploads/2025/07/unit_icon_0186_1_1_paulphoenix_f.png,https://summonerswarskyarena.info/monster/paul-phoenix-fire-paul-phoenix-review/,,12,https://summonerswarskyarena.info/monster-list/
716,5,HP,Paul Phoenix,Wind,Paul Phoenix,https://summonerswarskyarena.info/wp-content/uploads/2025/07/unit_icon_0186_1_1_paulphoenix_wi.png,https://summonerswarskyarena.info/wp-content/uploads/2025/07/unit_icon_0186_1_1_paulphoenix_wi.png,https://summonerswarskyarena.info/monster/paul-phoenix-wind-paul-phoenix-review/,,11,https://summonerswarskyarena.info/monster-list/
717,4,HP,Paul Phoenix,Light,Paul Phoenix,https://summonerswarskyarena.info/wp-content/uploads/2025/07/unit_icon_0186_1_1_paulphoenix_l.png,https://summonerswarskyarena.info/wp-content/uploads/2025/07/unit_icon_0186_1_1_paulphoenix_l.png,https://summonerswarskyarena.info/monster/paul-phoenix-light-paul-phoenix-review/,,13,https://summonerswarskyarena.info/monster-list/
718,4,HP,Paul Phoenix,Dark,Paul Phoenix,https://summonerswarskyarena.info/wp-content/uploads/2025/07/unit_icon_0186_1_1_paulphoenix_d.png,https://summonerswarskyarena.info/wp-content/uploads/2025/07/unit_icon_0186_1_1_paulphoenix_d.png,https://summonerswarskyarena.info/monster/paul-phoenix-dark-paul-phoenix-review/,,12,https://summonerswarskyarena.info/monster-list/
719,4,Attack,Choco Knight,Fire,Pavé,https://summonerswarskyarena.info/wp-content/uploads/2023/07/unit_icon_0098_1_2.png,https://summonerswarskyarena.info/wp-content/uploads/2023/07/unit_icon_0098_0_2.png,https://summonerswarskyarena.info/monster/pave-fire-choco-knight-review/,15 5 20 10,9,https://summonerswarskyarena.info/monster-list/
720,5,HP,Phoenix,Fire,Perna,https://summonerswarskyarena.info/wp-content/uploads/2017/02/Perna_Icon.png,https://summonerswarskyarena.info/wp-content/uploads/2017/02/Phoenix_Fire_Icon.png,https://summonerswarskyarena.info/monster/perna-fire-phoenix/,10 10 15 5,14,https://summonerswarskyarena.info/monster-list/
721,4,Defense,Gargoyle,Light,Phenaka,https://summonerswarskyarena.info/wp-content/uploads/2019/08/phenaka.png,https://summonerswarskyarena.info/wp-content/uploads/2019/08/light-gargoyle.png,https://summonerswarskyarena.info/monster/phenaka-light-gargoyle-review/,15 5 20 10,11,https://summonerswarskyarena.info/monster-list/
722,4,Attack,Centaur Knight,Wind,Pholuis,https://summonerswarskyarena.info/wp-content/uploads/2025/10/unit_icon_0193_1_3_Pholus_2.png,https://summonerswarskyarena.info/wp-content/uploads/2025/10/unit_icon_0193_0_3_Pholus.png,https://summonerswarskyarena.info/monster/pholuis-wind-centaur-knight-review/,5 15 20 10,10,https://summonerswarskyarena.info/monster-list/
723,3,Defense,Imp Champion,Wind,Pigma,https://summonerswarskyarena.info/wp-content/uploads/2016/12/Pigma_Icon-1.png,https://summonerswarskyarena.info/wp-content/uploads/2016/12/Imp_Champion_Wind_Icon.png,https://summonerswarskyarena.info/monster/pigma-wind-imp-champion-review/,15 10 10 5,7,https://summonerswarskyarena.info/monster-list/
724,4,Support,Mermaid,Fire,Platy,https://summonerswarskyarena.info/wp-content/uploads/2015/06/Platy-Fire.png,https://summonerswarskyarena.info/wp-content/uploads/2015/06/Mermaid-Fire.png,https://summonerswarskyarena.info/monster/platy-fire-mermaid-review/,10 20 5 15,12,https://summonerswarskyarena.info/monster-list/
725,5,Support,Sea Emperor,Light,Pontos,https://summonerswarskyarena.info/wp-content/uploads/2015/06/Pontos-Light.png,https://summonerswarskyarena.info/wp-content/uploads/2015/06/Sea-Emperor-Light.png,https://summonerswarskyarena.info/monster/pontos-light-sea-emperor-review/,20 10 15 5,7,https://summonerswarskyarena.info/monster-list/
726,5,Attack,Sea Emperor,Water,Poseidon,https://summonerswarskyarena.info/wp-content/uploads/2015/06/Poseidon-Water.png,https://summonerswarskyarena.info/wp-content/uploads/2015/06/Sea-Emperor-Water.png,https://summonerswarskyarena.info/monster/poseidon-water-sea-emperor-review/,20 10 15 5,9,https://summonerswarskyarena.info/monster-list/
727,5,Support,Oracle,Water,Praha,https://summonerswarskyarena.info/wp-content/uploads/2017/02/Praha_Icon.png,https://summonerswarskyarena.info/wp-content/uploads/2015/05/Oracle_Water_Icon.png,https://summonerswarskyarena.info/monster/praha-water-oracle-review/,20 10 15 5,12,https://summonerswarskyarena.info/monster-list/
728,4,HP,Choco Knight,Wind,Praline,https://summonerswarskyarena.info/wp-content/uploads/2023/07/unit_icon_0098_1_3.png,https://summonerswarskyarena.info/wp-content/uploads/2023/07/unit_icon_0098_0_3.png,https://summonerswarskyarena.info/monster/praline-water-choco-knight-review/,15 5 20 10,10,https://summonerswarskyarena.info/monster-list/
729,3,Attack,Harpy,Wind,Prilea,https://summonerswarskyarena.info/wp-content/uploads/2016/08/Prilea-Wind.png,https://summonerswarskyarena.info/wp-content/uploads/2016/08/Harpy-Wind.png,https://summonerswarskyarena.info/monster/prilea-wind-harpy-review/,15 10 10 5,16,https://summonerswarskyarena.info/monster-list/
730,3,Attack,Elemental,Light,Priz,https://summonerswarskyarena.info/wp-content/uploads/2018/06/Priz_Icon.png,https://summonerswarskyarena.info/wp-content/uploads/2018/06/Elemental_Light_Icon.png,https://summonerswarskyarena.info/monster/priz-light-elemental-review/,5 15 5 10,11,https://summonerswarskyarena.info/monster-list/
731,3,Attack,Grim Reaper,Light,Prom,https://summonerswarskyarena.info/wp-content/uploads/2017/01/Prom_Icon.png,https://summonerswarskyarena.info/wp-content/uploads/2017/01/Grim_Reaper_Light_Icon.png,https://summonerswarskyarena.info/monster/prom-light-grim-reaper-review/,15 10 10 5,14,https://summonerswarskyarena.info/monster-list/
732,5,Attack,Fairy King,Water,Psamathe,https://summonerswarskyarena.info/wp-content/uploads/2016/02/Psamathe-Water.png,https://summonerswarskyarena.info/wp-content/uploads/2016/02/Fairy-King-Water.png,https://summonerswarskyarena.info/monster/psamathe-water-fairy-king-review/,20 10 15 5,15,https://summonerswarskyarena.info/monster-list/
733,5,HP,Sage,Wind,Pungbaek,https://summonerswarskyarena.info/wp-content/uploads/2015/01/pungbaek.png,https://summonerswarskyarena.info/wp-content/uploads/2015/01/pioneer-wind.png,https://summonerswarskyarena.info/monster/pungbaek-wind-pioneer-review/,20 10 15 5,13,https://summonerswarskyarena.info/monster-list/
734,5,Support,Pure Vanilla Cookie,Fire,Pure Vanilla Cookie,https://summonerswarskyarena.info/wp-content/uploads/2023/07/unit_icon_0093_1_2.png,https://summonerswarskyarena.info/wp-content/uploads/2023/07/unit_icon_0093_1_2.png,https://summonerswarskyarena.info/monster/pure-vanilla-cookie-fire-pure-vanilla-cookie-review/,,10,https://summonerswarskyarena.info/monster-list/
735,5,Support,Pure Vanilla Cookie,Water,Pure Vanilla Cookie,https://summonerswarskyarena.info/wp-content/uploads/2023/07/unit_icon_0093_1_1.png,https://summonerswarskyarena.info/wp-content/uploads/2023/07/unit_icon_0093_1_1.png,https://summonerswarskyarena.info/monster/pure-vanilla-cookie-water-pure-vanilla-cookie-review/,,11,https://summonerswarskyarena.info/monster-list/
736,5,Support,Pure Vanilla Cookie,Wind,Pure Vanilla Cookie,https://summonerswarskyarena.info/wp-content/uploads/2023/07/unit_icon_0093_1_3.png,https://summonerswarskyarena.info/wp-content/uploads/2023/07/unit_icon_0093_1_3.png,https://summonerswarskyarena.info/monster/pure-vanilla-cookie-wind-pure-vanilla-cookie-review/,,10,https://summonerswarskyarena.info/monster-list/
737,5,Support,Pure Vanilla Cookie,Light,Pure Vanilla Cookie,https://summonerswarskyarena.info/wp-content/uploads/2023/07/unit_icon_0093_1_4.png,https://summonerswarskyarena.info/wp-content/uploads/2023/07/unit_icon_0093_1_4.png,https://summonerswarskyarena.info/monster/pure-vanilla-cookie-light-pure-vanilla-cookie-review/,,11,https://summonerswarskyarena.info/monster-list/
738,5,Support,Pure Vanilla Cookie,Dark,Pure Vanilla Cookie,https://summonerswarskyarena.info/wp-content/uploads/2023/07/unit_icon_0093_1_5.png,https://summonerswarskyarena.info/wp-content/uploads/2023/07/unit_icon_0093_1_5.png,https://summonerswarskyarena.info/monster/pure-vanilla-cookie-dark-pure-vanilla-cookie-review/,,11,https://summonerswarskyarena.info/monster-list/
739,3,Attack,Inferno,Water,Purian,https://summonerswarskyarena.info/wp-content/uploads/2016/12/Purian_Icon.png,https://summonerswarskyarena.info/wp-content/uploads/2016/12/Inferno_Water_Icon.png,https://summonerswarskyarena.info/monster/purian-water-inferno-review/,15 10 10 5,10,https://summonerswarskyarena.info/monster-list/
740,4,Support,Horus,Water,Qebehsenuef,https://summonerswarskyarena.info/wp-content/uploads/2015/10/Qebehsenuef-Water.png,https://summonerswarskyarena.info/wp-content/uploads/2015/10/Horus-Water.png,https://summonerswarskyarena.info/monster/qebehsenuef-water-horus-review/,12 15 7 15,13,https://summonerswarskyarena.info/monster-list/
741,5,Attack,Qilin Slasher,Water,Qilin Slasher,https://summonerswarskyarena.info/wp-content/uploads/2025/05/unit_icon_0181_1_1_Qilin-SlasherWa.png,https://summonerswarskyarena.info/wp-content/uploads/2025/05/unit_icon_0181_1_1_Qilin-SlasherWa.png,https://summonerswarskyarena.info/monster/qilin-slasher-water-qilin-slasher-review/,,11,https://summonerswarskyarena.info/monster-list/
742,4,Attack,Qilin Slasher,Fire,Qilin Slasher,https://summonerswarskyarena.info/wp-content/uploads/2025/05/unit_icon_0181_1_1_Qilin-SlasherF.png,https://summonerswarskyarena.info/wp-content/uploads/2025/05/unit_icon_0181_1_1_Qilin-SlasherF.png,https://summonerswarskyarena.info/monster/qilin-slasher-fire-qilin-slasher-review/,,11,https://summonerswarskyarena.info/monster-list/
743,5,Attack,Qilin Slasher,Wind,Qilin Slasher,https://summonerswarskyarena.info/wp-content/uploads/2025/05/unit_icon_0181_1_1_Qilin-SlasherWi.png,https://summonerswarskyarena.info/wp-content/uploads/2025/05/unit_icon_0181_1_1_Qilin-SlasherWi.png,https://summonerswarskyarena.info/monster/qilin-slasher-wind-qilin-slasher-review/,,12,https://summonerswarskyarena.info/monster-list/
744,4,Attack,Qilin Slasher,Light,Qilin Slasher,https://summonerswarskyarena.info/wp-content/uploads/2025/05/unit_icon_0181_1_1_Qilin-SlasherL.png,https://summonerswarskyarena.info/wp-content/uploads/2025/05/unit_icon_0181_1_1_Qilin-SlasherL.png,https://summonerswarskyarena.info/monster/qilin-slasher-light-qilin-slasher-review/,,11,https://summonerswarskyarena.info/monster-list/
745,5,Attack,Qilin Slasher,Dark,Qilin Slasher,https://summonerswarskyarena.info/wp-content/uploads/2025/05/unit_icon_0181_1_1_Qilin-SlasherD.png,https://summonerswarskyarena.info/wp-content/uploads/2025/05/unit_icon_0181_1_1_Qilin-SlasherD.png,https://summonerswarskyarena.info/monster/qilin-slasher-dark-qilin-slasher-review/,,11,https://summonerswarskyarena.info/monster-list/
746,5,Support,Monkey King,Light,Qitian Dasheng,https://summonerswarskyarena.info/wp-content/uploads/2014/10/Qitian-Dasheng-Light.png,https://summonerswarskyarena.info/wp-content/uploads/2014/10/Monkey-King-Light.png,https://summonerswarskyarena.info/monster/qitian-dasheng-light-monkey-king-review/,20 10 15 5,12,https://summonerswarskyarena.info/monster-list/
747,3,Support,Harg,Fire,Racuni,https://summonerswarskyarena.info/wp-content/uploads/2016/02/Racuni-Fire.png,https://summonerswarskyarena.info/wp-content/uploads/2016/02/Harg-Fire.png,https://summonerswarskyarena.info/monster/racuni-fire-harg-review/,20 5 15 5,8,https://summonerswarskyarena.info/monster-list/
748,5,Support,Dragon Knight,Dark,Ragdoll,https://summonerswarskyarena.info/wp-content/uploads/2016/08/Ragdoll-Dark.png,https://summonerswarskyarena.info/wp-content/uploads/2016/08/Dragon-Knight-Dark.png,https://summonerswarskyarena.info/monster/ragdoll-dark-dragon-knight-review/,20 10 15 5,9,https://summonerswarskyarena.info/monster-list/
749,3,Defense,Golem,Wind,Ragion,https://summonerswarskyarena.info/wp-content/uploads/2018/06/Ragion_Icon.png,https://summonerswarskyarena.info/wp-content/uploads/2018/06/Golem_Wind_Icon.png,https://summonerswarskyarena.info/monster/ragion-wind-golem-review/,15 10 10 5,7,https://summonerswarskyarena.info/monster-list/
750,5,HP,Beast Monk,Dark,Rahul,https://summonerswarskyarena.info/wp-content/uploads/2014/10/Rahul-Dark.png,https://summonerswarskyarena.info/wp-content/uploads/2014/10/Beast-Monk-Dark.png,https://summonerswarskyarena.info/monster/rahul-dark-beast-monk-review/,20 10 15 5,10,https://summonerswarskyarena.info/monster-list/
751,2,Defense,Yeti,Wind,Rakaja,https://summonerswarskyarena.info/wp-content/uploads/2018/06/Rakaja_Icon.png,https://summonerswarskyarena.info/wp-content/uploads/2017/03/unit_icon_0001_2_1.png,https://summonerswarskyarena.info/monster/rakaja-wind-yeti-review/,1 15 20,16,https://summonerswarskyarena.info/monster-list/
752,5,HP,Chimera,Fire,Rakan,https://summonerswarskyarena.info/wp-content/uploads/2017/02/Rakan_Icon.png,https://summonerswarskyarena.info/wp-content/uploads/2017/02/Chimera_Fire_Icon.png,https://summonerswarskyarena.info/monster/rakan-fire-chimera-review/,20 10 15 5,9,https://summonerswarskyarena.info/monster-list/
753,5,Attack,Hell Lady,Fire,Raki,https://summonerswarskyarena.info/wp-content/uploads/2014/12/Raki-Fire.png,https://summonerswarskyarena.info/wp-content/uploads/2014/12/Hell-Lady-Fire.png,https://summonerswarskyarena.info/monster/raki-fire-hell-lady-review/,20 10 15 5,14,https://summonerswarskyarena.info/monster-list/
754,2,Attack,Imp,Wind,Ralph,https://summonerswarskyarena.info/wp-content/uploads/2016/07/Ralph-Wind.png,https://summonerswarskyarena.info/wp-content/uploads/2016/07/Imp-Wind.png,https://summonerswarskyarena.info/monster/ralph-wind-imp-review/,20 15,16,https://summonerswarskyarena.info/monster-list/
755,5,Support,Twin Angels,Water,Ramael and Judiah,https://summonerswarskyarena.info/wp-content/uploads/2023/12/unit_icon_0136_1_1.png,https://summonerswarskyarena.info/wp-content/uploads/2023/12/unit_icon_0136_0_1.png,https://summonerswarskyarena.info/monster/ramael-and-judiah-water-twin-angels-review/,5 15 10 20,12,https://summonerswarskyarena.info/monster-list/
756,2,HP,Warbear,Wind,Ramagos,https://summonerswarskyarena.info/wp-content/uploads/2018/06/Ramagos_Icon.png,https://summonerswarskyarena.info/wp-content/uploads/2018/06/Warbear_Wind_Icon.png,https://summonerswarskyarena.info/monster/ramagos-wind-warbear-review/,5 15 5 10,12,https://summonerswarskyarena.info/monster-list/
757,3,Defense,Inugami,Wind,Ramahan,https://summonerswarskyarena.info/wp-content/uploads/2018/06/Ramahan_Icon.png,https://summonerswarskyarena.info/wp-content/uploads/2018/06/Inugami_Wind_Icon.png,https://summonerswarskyarena.info/monster/ramahan-wind-inugami-review/,15 10 10 5,14,https://summonerswarskyarena.info/monster-list/
758,3,Attack,Harpy,Water,Ramira,https://summonerswarskyarena.info/wp-content/uploads/2016/08/Ramira-Water.png,https://summonerswarskyarena.info/wp-content/uploads/2016/08/Harpy-Water.png,https://summonerswarskyarena.info/monster/ramira-water-harpy-review/,15 10 10 5,16,https://summonerswarskyarena.info/monster-list/
759,4,HP,Tomb Warden,Light,Ramon,https://summonerswarskyarena.info/wp-content/uploads/2024/12/unit_icon_0176_0_4_ramon2.png,https://summonerswarskyarena.info/wp-content/uploads/2024/12/unit_icon_0176_0_4_ramon.png,https://summonerswarskyarena.info/monster/ramon-light-tomb-warden-review/,5 15 10 20,12,https://summonerswarskyarena.info/monster-list/
760,4,Attack,Rakshasa,Dark,Ran,https://summonerswarskyarena.info/wp-content/uploads/2017/01/Ran_Icon.png,https://summonerswarskyarena.info/wp-content/uploads/2017/01/Rakshasa_Dark_Icon.png,https://summonerswarskyarena.info/monster/ran-dark-rakshasa-review/,10 20 5 15,14,https://summonerswarskyarena.info/monster-list/
761,3,Attack,Bounty Hunter,Fire,Randy,https://summonerswarskyarena.info/wp-content/uploads/2016/12/Randy_Icon.png,https://summonerswarskyarena.info/wp-content/uploads/2016/12/Bounty_Hunter_Fire_Icon.png,https://summonerswarskyarena.info/monster/randy-fire-bounty-hunter-review/,15 10 10 5,11,https://summonerswarskyarena.info/monster-list/
762,3,Attack,Inugami,Fire,Raoq,https://summonerswarskyarena.info/wp-content/uploads/2018/06/Raoq_Icon.png,https://summonerswarskyarena.info/wp-content/uploads/2018/06/Inugami_Fire_Icon.png,https://summonerswarskyarena.info/monster/raoq-fire-inugami/,15 10 10 5,6,https://summonerswarskyarena.info/monster-list/
763,3,HP,Epikion Priest,Dark,Rasheed,https://summonerswarskyarena.info/wp-content/uploads/2017/01/Rasheed_Icon.png,https://summonerswarskyarena.info/wp-content/uploads/2017/01/Epikion_Priest_Dark_Icon.png,https://summonerswarskyarena.info/monster/rasheed-dark-epikion-priest-review/,20 5 15 5,14,https://summonerswarskyarena.info/monster-list/
764,4,Support,Harg,Wind,Raviti,https://summonerswarskyarena.info/wp-content/uploads/2016/02/Raviti-Wind.png,https://summonerswarskyarena.info/wp-content/uploads/2016/02/Harg-Wind.png,https://summonerswarskyarena.info/monster/raviti-wind-harg-review/,20 5 15 5,15,https://summonerswarskyarena.info/monster-list/
765,3,Support,Mystic Witch,Fire,Rebecca,https://summonerswarskyarena.info/wp-content/uploads/2016/12/Rebecca_Icon.png,https://summonerswarskyarena.info/wp-content/uploads/2016/12/Mystic_Witch_Fire_Icon.png,https://summonerswarskyarena.info/monster/rebecca-fire-mystic-witch-review/,15 10 10 5,13,https://summonerswarskyarena.info/monster-list/
766,3,Support,Harg,Water,Remy,https://summonerswarskyarena.info/wp-content/uploads/2016/02/Remy-Water.png,https://summonerswarskyarena.info/wp-content/uploads/2016/02/Harg-Water.png,https://summonerswarskyarena.info/monster/remy-water-harg-review/,20 5 15 5,14,https://summonerswarskyarena.info/monster-list/
767,5,Attack,Shadowcaster,Fire,Ren,https://summonerswarskyarena.info/wp-content/uploads/2022/04/unit_icon_0086_1_2.png,https://summonerswarskyarena.info/wp-content/uploads/2022/04/unit_icon_0086_0_2.png,https://summonerswarskyarena.info/monster/ren-fire-shadowcaster-review/,5 15 10 20,12,https://summonerswarskyarena.info/monster-list/
768,4,Attack,Dice Magician,Water,Reno,https://summonerswarskyarena.info/wp-content/uploads/2016/11/Reno-water.png,https://summonerswarskyarena.info/wp-content/uploads/2017/01/Dice_Magician_Water_Icon.png,https://summonerswarskyarena.info/monster/reno-water-dice-magician-review/,10 20 5 15,12,https://summonerswarskyarena.info/monster-list/
769,4,HP,Tomb Warden,Fire,Rex,https://summonerswarskyarena.info/wp-content/uploads/2024/12/unit_icon_0176_0_2_rex2.png,https://summonerswarskyarena.info/wp-content/uploads/2024/12/unit_icon_0176_0_2_rex.png,https://summonerswarskyarena.info/monster/rex-fire-tomb-warden-review/,5 15 10 20,11,https://summonerswarskyarena.info/monster-list/
770,4,Attack,Magic Order Swordsinger,Fire,Reyka,https://summonerswarskyarena.info/wp-content/uploads/2024/06/unit_icon_0151_1_2_reyka2.png,https://summonerswarskyarena.info/wp-content/uploads/2024/06/unit_icon_0151_0_2_reyka.png,https://summonerswarskyarena.info/monster/reyka-fire-magic-order-swordsinger-review/,12 15 10 15,10,https://summonerswarskyarena.info/monster-list/
771,4,Attack,Centaur Knight,Water,Rhoetus,https://summonerswarskyarena.info/wp-content/uploads/2025/10/unit_icon_0193_1_1_Rhoetus_2.png,https://summonerswarskyarena.info/wp-content/uploads/2025/10/unit_icon_0193_0_1_Rhoetus.png,https://summonerswarskyarena.info/monster/rhoetus-water-centaur-knight-review/,15 5 20 10,10,https://summonerswarskyarena.info/monster-list/
772,5,Attack,Occult Girl,Fire,Rica,https://summonerswarskyarena.info/wp-content/uploads/2017/02/Rica_Icon.png,https://summonerswarskyarena.info/wp-content/uploads/2017/02/Occult_Girl_Fire_Icon.png,https://summonerswarskyarena.info/monster/rica-fire-occult-girl-review/,20 10 15 5,13,https://summonerswarskyarena.info/monster-list/
773,5,Attack,Exorcist Association Fighter,Fire,Rick,https://summonerswarskyarena.info/wp-content/uploads/2024/11/unit_icon_0163_1_2_rick.png,https://summonerswarskyarena.info/wp-content/uploads/2024/11/unit_icon_0163_1_2_rick.png,https://summonerswarskyarena.info/monster/rick-fire-exorcist-association-fighter-review/,,11,https://summonerswarskyarena.info/monster-list/
774,4,Support,Lich,Water,Rigel,https://summonerswarskyarena.info/wp-content/uploads/2017/01/Rigel_Icon.png,https://summonerswarskyarena.info/wp-content/uploads/2017/01/Lich_Water_Icon.png,https://summonerswarskyarena.info/monster/rigel-water-lich-review/,10 20 5 15,10,https://summonerswarskyarena.info/monster-list/
775,5,Attack,Magic Order Swordsinger,Water,Rigna,https://summonerswarskyarena.info/wp-content/uploads/2024/06/unit_icon_0151_1_1_rigna2.png,https://summonerswarskyarena.info/wp-content/uploads/2024/06/unit_icon_0151_0_1_rigna.png,https://summonerswarskyarena.info/monster/rigna-water-magic-order-swordsinger-review/,12 15 10 15,10,https://summonerswarskyarena.info/monster-list/
776,5,Support,Totemist,Wind,Riley,https://summonerswarskyarena.info/wp-content/uploads/2021/11/unit_icon_0078_1_3.png,https://summonerswarskyarena.info/wp-content/uploads/2021/11/unit_icon_0078_0_3.png,https://summonerswarskyarena.info/monster/riley-wind-totemist/,5 15 10 20,11,https://summonerswarskyarena.info/monster-list/
777,3,Support,Epikion Priest,Water,Rina,https://summonerswarskyarena.info/wp-content/uploads/2016/12/Rina_Icon.png,https://summonerswarskyarena.info/wp-content/uploads/2016/12/Epikion_Priest_Water_Icon.png,https://summonerswarskyarena.info/monster/rina-water-epikion-priest-review/,20 5 15 5,13,https://summonerswarskyarena.info/monster-list/
778,5,HP,Beast Monk,Wind,Ritesh,https://summonerswarskyarena.info/wp-content/uploads/2014/10/Ritesh-Wind.png,https://summonerswarskyarena.info/wp-content/uploads/2014/10/Beast-Monk-Wind.png,https://summonerswarskyarena.info/monster/ritesh-wind-beast-monk-review/,20 10 15 5,11,https://summonerswarskyarena.info/monster-list/
779,5,Attack,Shadowcaster,Dark,Ritsu,https://summonerswarskyarena.info/wp-content/uploads/2022/04/unit_icon_0086_1_5.png,https://summonerswarskyarena.info/wp-content/uploads/2022/04/unit_icon_0086_0_5.png,https://summonerswarskyarena.info/monster/ritsu-dark-shadowcaster-review/,5 15 10 20,10,https://summonerswarskyarena.info/monster-list/
780,2,Support,Garuda,Dark,Rizak,https://summonerswarskyarena.info/wp-content/uploads/2018/06/Rizak_Icon.png,https://summonerswarskyarena.info/wp-content/uploads/2018/06/Garuda_Dark_Icon.png,https://summonerswarskyarena.info/monster/rizak-dark-garuda-review/,2 15 15,13,https://summonerswarskyarena.info/monster-list/
781,4,Attack,Cyborg,Dark,Roberta,https://summonerswarskyarena.info/wp-content/uploads/2024/04/unit_icon_0145_1_5_roberta.png,https://summonerswarskyarena.info/wp-content/uploads/2024/04/unit_icon_0145_0_5.png,https://summonerswarskyarena.info/monster/roberta-dark-cyborg-review/,10 20 5 15,12,https://summonerswarskyarena.info/monster-list/
782,4,HP,ROBO,Light,ROBO-E65,https://summonerswarskyarena.info/wp-content/uploads/2021/08/unit_icon_0077_1_4.png,https://summonerswarskyarena.info/wp-content/uploads/2021/08/unit_icon_0077_0_4.png,https://summonerswarskyarena.info/monster/robo-e65-light-robo-review/,15 5 20 10,9,https://summonerswarskyarena.info/monster-list/
783,4,Attack,ROBO,Dark,ROBO-F29,https://summonerswarskyarena.info/wp-content/uploads/2021/08/unit_icon_0077_1_5.png,https://summonerswarskyarena.info/wp-content/uploads/2021/08/unit_icon_0077_0_5.png,https://summonerswarskyarena.info/monster/robo-f29-dark-robo-review/,15 5 20 10,12,https://summonerswarskyarena.info/monster-list/
784,4,Attack,ROBO,Wind,ROBO-G92,https://summonerswarskyarena.info/wp-content/uploads/2021/08/unit_icon_0077_1_3.png,https://summonerswarskyarena.info/wp-content/uploads/2021/08/unit_icon_0077_0_3.png,https://summonerswarskyarena.info/monster/robo-g92-wind-robo-review/,15 5 20 10,11,https://summonerswarskyarena.info/monster-list/
785,4,Support,ROBO,Fire,ROBO-P27,https://summonerswarskyarena.info/wp-content/uploads/2021/08/unit_icon_0077_1_2.png,https://summonerswarskyarena.info/wp-content/uploads/2021/08/unit_icon_0077_0_2.png,https://summonerswarskyarena.info/monster/robo-p27-fire-robo-review/,15 5 20 10,9,https://summonerswarskyarena.info/monster-list/
786,4,HP,ROBO,Water,ROBO-R40,https://summonerswarskyarena.info/wp-content/uploads/2021/08/unit_icon_0077_1_1.png,https://summonerswarskyarena.info/wp-content/uploads/2021/08/unit_icon_0077_0_1.png,https://summonerswarskyarena.info/monster/robo-r40-water-robo-review/,15 5 20 10,9,https://summonerswarskyarena.info/monster-list/
787,3,Attack,Bounty Hunter,Wind,Roger,https://summonerswarskyarena.info/wp-content/uploads/2016/12/Roger_Icon.png,https://summonerswarskyarena.info/wp-content/uploads/2016/12/Bounty_Hunter_Wind_Icon.png,https://summonerswarskyarena.info/monster/roger-wind-bounty-hunter-review/,15 10 10 5,12,https://summonerswarskyarena.info/monster-list/
788,2,HP,Vagabond,Wind,Roid,https://summonerswarskyarena.info/wp-content/uploads/2018/06/Roid_Icon.png,https://summonerswarskyarena.info/wp-content/uploads/2018/06/Vagabond_Wind_Icon.png,https://summonerswarskyarena.info/monster/roid-wind-vagabond-review/,5 10 10 15,17,https://summonerswarskyarena.info/monster-list/
789,4,Attack,Black Tea Bunny,Water,Rosemary,https://summonerswarskyarena.info/wp-content/uploads/2023/07/unit_icon_0100_1_1.png,https://summonerswarskyarena.info/wp-content/uploads/2023/07/unit_icon_0100_0_1.png,https://summonerswarskyarena.info/monster/rosemary-water-black-tea-bunny-review/,15 5 20 10,10,https://summonerswarskyarena.info/monster-list/
790,3,Attack,Charger Shark,Light,Rumicus,https://summonerswarskyarena.info/wp-content/uploads/2015/06/Rumicus-Light.png,https://summonerswarskyarena.info/wp-content/uploads/2015/06/Charger-Shark-Light.png,https://summonerswarskyarena.info/monster/rumicus-light-charger-shark-review/,15 10 10 5,9,https://summonerswarskyarena.info/monster-list/
791,4,Attack,Neostone Fighter,Water,Ryan,https://summonerswarskyarena.info/wp-content/uploads/2015/08/Ryan-Water.png,https://summonerswarskyarena.info/wp-content/uploads/2015/08/Neostone-Fighter-Water.png,https://summonerswarskyarena.info/monster/ryan-water-neostone-fighter-review/,10 20 5 15,13,https://summonerswarskyarena.info/monster-list/
792,5,Attack,Ryomen Sukuna,Dark,Ryomen Sukuna,https://summonerswarskyarena.info/wp-content/uploads/2024/07/unit_icon_0154_1_5_Ryomen-Sukuna.png,https://summonerswarskyarena.info/wp-content/uploads/2024/07/unit_icon_0154_1_5_Ryomen-Sukuna.png,https://summonerswarskyarena.info/monster/ryomen-sukuna-dark-ryomen-sukuna-review/,,10,https://summonerswarskyarena.info/monster-list/
793,5,Attack,RYU,Fire,RYU,https://summonerswarskyarena.info/wp-content/uploads/2020/09/fire-ryu.png,https://summonerswarskyarena.info/wp-content/uploads/2020/09/fire-ryu.png,https://summonerswarskyarena.info/monster/ryu-fire-ryu-review/,,9,https://summonerswarskyarena.info/monster-list/
794,5,Attack,RYU,Water,RYU,https://summonerswarskyarena.info/wp-content/uploads/2020/09/water-ryu.png,https://summonerswarskyarena.info/wp-content/uploads/2020/09/water-ryu.png,https://summonerswarskyarena.info/monster/ryu-water-ryu-review/,,10,https://summonerswarskyarena.info/monster-list/
795,5,Attack,RYU,Wind,RYU,https://summonerswarskyarena.info/wp-content/uploads/2020/09/wind-ryu.png,https://summonerswarskyarena.info/wp-content/uploads/2020/09/wind-ryu.png,https://summonerswarskyarena.info/monster/ryu-wind-ryu-review/,,12,https://summonerswarskyarena.info/monster-list/
796,5,Attack,RYU,Light,RYU,https://summonerswarskyarena.info/wp-content/uploads/2020/09/light-ryu.png,https://summonerswarskyarena.info/wp-content/uploads/2020/09/light-ryu.png,https://summonerswarskyarena.info/monster/ryu-light-ryu-review/,,11,https://summonerswarskyarena.info/monster-list/
797,5,Attack,RYU,Dark,RYU,https://summonerswarskyarena.info/wp-content/uploads/2020/09/dark-ryu.png,https://summonerswarskyarena.info/wp-content/uploads/2020/09/dark-ryu.png,https://summonerswarskyarena.info/monster/ryu-dark-ryu-review/,,12,https://summonerswarskyarena.info/monster-list/
798,4,Attack,Boomerang Warrior,Water,Sabrina,https://summonerswarskyarena.info/wp-content/uploads/2018/03/sabrina.png,https://summonerswarskyarena.info/wp-content/uploads/2018/03/water-boomerang-warrior.png,https://summonerswarskyarena.info/monster/sabrina-water-boomerang-warrior-review/,15 5 20 10,11,https://summonerswarskyarena.info/monster-list/
799,5,Support,Twin Angels,Wind,Sadiel and Zeryah,https://summonerswarskyarena.info/wp-content/uploads/2023/12/unit_icon_0136_1_3.png,https://summonerswarskyarena.info/wp-content/uploads/2023/12/unit_icon_0136_0_3.png,https://summonerswarskyarena.info/monster/sadiel-and-zeryah-wind-twin-angels-review/,5 15 10 20,12,https://summonerswarskyarena.info/monster-list/
800,5,HP,Slayer,Wind,Sagar,https://summonerswarskyarena.info/wp-content/uploads/2020/11/sagar.png,https://summonerswarskyarena.info/wp-content/uploads/2020/11/wind-slayer.png,https://summonerswarskyarena.info/monster/sagar-wind-slayer-review/,5 15 10 20,12,https://summonerswarskyarena.info/monster-list/
801,3,HP,Mummy,Light,Sahara,https://summonerswarskyarena.info/wp-content/uploads/2015/10/Sahara-Light.png,https://summonerswarskyarena.info/wp-content/uploads/2015/10/Mummy-Light.png,https://summonerswarskyarena.info/monster/sahara-light-mummy-review/,15 10 10 5,10,https://summonerswarskyarena.info/monster-list/
802,5,Support,Desert Warrior,Dark,Salah,https://summonerswarskyarena.info/wp-content/uploads/2023/07/unit_icon_0115_1_5.png,https://summonerswarskyarena.info/wp-content/uploads/2023/07/unit_icon_0115_0_5.png,https://summonerswarskyarena.info/monster/salah-dark-desert-warrior-review/,15 10 15 12,12,https://summonerswarskyarena.info/monster-list/
803,1,Support,Low Elemental,Wind,Samour,https://summonerswarskyarena.info/wp-content/uploads/2016/12/Samour_Icon.png,https://summonerswarskyarena.info/wp-content/uploads/2016/12/Low_Elemental_Wind_Icon.png,https://summonerswarskyarena.info/monster/samour-wind-low-elemental-review/,10 5,12,https://summonerswarskyarena.info/monster-list/
804,3,Attack,Grim Reaper,Fire,Sath,https://summonerswarskyarena.info/wp-content/uploads/2016/12/Sath_Icon.png,https://summonerswarskyarena.info/wp-content/uploads/2016/12/Grim_Reaper_Fire_Icon.png,https://summonerswarskyarena.info/monster/sath-fire-grim-reaper/,15 10 10 5,12,https://summonerswarskyarena.info/monster-list/
805,5,Defense,Satoru Gojo,Water,Satoru Gojo,https://summonerswarskyarena.info/wp-content/uploads/2024/07/unit_icon_0158_1_1_Satoru-Gojo_Water.png,https://summonerswarskyarena.info/wp-content/uploads/2024/07/unit_icon_0158_1_1_Satoru-Gojo_Water.png,https://summonerswarskyarena.info/monster/satoru-gojo-water-satoru-gojo-review/,,10,https://summonerswarskyarena.info/monster-list/
806,5,Attack,Satoru Gojo,Fire,Satoru Gojo,https://summonerswarskyarena.info/wp-content/uploads/2024/07/unit_icon_0158_1_2_Satoru-Gojo_Fire.png,https://summonerswarskyarena.info/wp-content/uploads/2024/07/unit_icon_0158_1_2_Satoru-Gojo_Fire.png,https://summonerswarskyarena.info/monster/satoru-gojo-fire-satoru-gojo-review/,,9,https://summonerswarskyarena.info/monster-list/
807,5,Defense,Satoru Gojo,Wind,Satoru Gojo,https://summonerswarskyarena.info/wp-content/uploads/2024/07/unit_icon_0158_1_3_Satoru-Gojo_Wind.png,https://summonerswarskyarena.info/wp-content/uploads/2024/07/unit_icon_0158_1_3_Satoru-Gojo_Wind.png,https://summonerswarskyarena.info/monster/satoru-gojo-wind-satoru-gojo-review/,,12,https://summonerswarskyarena.info/monster-list/
808,5,Defense,Satoru Gojo,Light,Satoru Gojo,https://summonerswarskyarena.info/wp-content/uploads/2024/07/unit_icon_0158_1_4_Satoru-Gojo_Light.png,https://summonerswarskyarena.info/wp-content/uploads/2024/07/unit_icon_0158_1_4_Satoru-Gojo_Light.png,https://summonerswarskyarena.info/monster/satoru-gojo-light-satoru-gojo-review/,,12,https://summonerswarskyarena.info/monster-list/
809,5,Attack,Satoru Gojo,Dark,Satoru Gojo,https://summonerswarskyarena.info/wp-content/uploads/2024/07/unit_icon_0158_1_5_Satoru-Gojo_Dark.png,https://summonerswarskyarena.info/wp-content/uploads/2024/07/unit_icon_0158_1_5_Satoru-Gojo_Dark.png,https://summonerswarskyarena.info/monster/satoru-gojo-dark-satoru-gojo-review/,,11,https://summonerswarskyarena.info/monster-list/
810,5,Attack,Beast Rider,Wind,Savannah,https://summonerswarskyarena.info/wp-content/uploads/2019/12/unit_icon_0054_2_0.png,https://summonerswarskyarena.info/wp-content/uploads/2019/12/unit_icon_0053_2_4.png,https://summonerswarskyarena.info/monster/savannah-wind-beast-rider-review/,5 15 10 20,13,https://summonerswarskyarena.info/monster-list/
811,4,HP,Exorcist Association Hunter,Fire,Sayumi,https://summonerswarskyarena.info/wp-content/uploads/2024/11/unit_icon_0164_1_2_sayumi.png,https://summonerswarskyarena.info/wp-content/uploads/2024/11/unit_icon_0164_1_2_sayumi.png,https://summonerswarskyarena.info/monster/sayumi-fire-exorcist-association-hunter-review/,,12,https://summonerswarskyarena.info/monster-list/
812,4,Attack,Cannon Girl,Fire,Scarlett,https://summonerswarskyarena.info/wp-content/uploads/2019/02/scarlett.png,https://summonerswarskyarena.info/wp-content/uploads/2019/02/fire-cannon-girl.png,https://summonerswarskyarena.info/monster/scarlett-fire-cannon-girl-review/,15 12 15 10,9,https://summonerswarskyarena.info/monster-list/
813,2,Attack,Harpu,Wind,Seal,https://summonerswarskyarena.info/wp-content/uploads/2018/06/Seal_Icon.png,https://summonerswarskyarena.info/wp-content/uploads/2018/06/Harpu_Wind_Icon.png,https://summonerswarskyarena.info/monster/seal-wind-harpu-review/,5 15 5 10,11,https://summonerswarskyarena.info/monster-list/
814,4,Attack,Exorcist Association Fighter,Wind,Sean,https://summonerswarskyarena.info/wp-content/uploads/2024/11/unit_icon_0163_1_3_sean.png,https://summonerswarskyarena.info/wp-content/uploads/2024/11/unit_icon_0163_1_3_sean.png,https://summonerswarskyarena.info/monster/sean-wind-exorcist-association-fighter-review/,,10,https://summonerswarskyarena.info/monster-list/
815,5,Attack,Oracle,Wind,Seara,https://summonerswarskyarena.info/wp-content/uploads/2017/02/Seara_Icon.png,https://summonerswarskyarena.info/wp-content/uploads/2017/02/Oracle_Wind_Icon.png,https://summonerswarskyarena.info/monster/seara-wind-oracle-review/,20 10 15 5,11,https://summonerswarskyarena.info/monster-list/
816,5,Support,Onmyouji,Light,Seimei,https://summonerswarskyarena.info/wp-content/uploads/2021/03/seimei.png,https://summonerswarskyarena.info/wp-content/uploads/2021/03/light-onmyouji.png,https://summonerswarskyarena.info/monster/seimei-light-onmyouji-review/,5 15 10 20,8,https://summonerswarskyarena.info/monster-list/
817,5,Support,Desert Queen,Fire,Sekhmet,https://summonerswarskyarena.info/wp-content/uploads/2015/10/Sekhmet-Fire.png,https://summonerswarskyarena.info/wp-content/uploads/2015/10/Desert-Queen-Fire.png,https://summonerswarskyarena.info/monster/sekhmet-fire-desert-queen-review-2/,20 10 15 5,11,https://summonerswarskyarena.info/monster-list/
818,4,Attack,Succubus,Wind,Selena,https://summonerswarskyarena.info/wp-content/uploads/2017/01/Selena_Icon.png,https://summonerswarskyarena.info/wp-content/uploads/2017/01/Succubus_Wind_Icon.png,https://summonerswarskyarena.info/monster/selena-wind-succubus-review/,10 20 5 15,14,https://summonerswarskyarena.info/monster-list/
819,3,Attack,Cow Girl,Water,Sera,https://summonerswarskyarena.info/wp-content/uploads/2015/03/Sera-Water.png,https://summonerswarskyarena.info/wp-content/uploads/2015/03/Cow-Girl-Water.png,https://summonerswarskyarena.info/monster/sera-water-cow-girl-review/,15 10 10 5,14,https://summonerswarskyarena.info/monster-list/
820,3,Attack,Harpu,Dark,Seren,https://summonerswarskyarena.info/wp-content/uploads/2018/06/Seren_Icon.png,https://summonerswarskyarena.info/wp-content/uploads/2018/06/Harpu_Dark_Icon.png,https://summonerswarskyarena.info/monster/seren-dark-harpu-review/,5 15 5 10,14,https://summonerswarskyarena.info/monster-list/
821,5,HP,Desert Warrior,Wind,Shahat,https://summonerswarskyarena.info/wp-content/uploads/2023/07/unit_icon_0115_1_3.png,https://summonerswarskyarena.info/wp-content/uploads/2023/07/unit_icon_0115_0_3.png,https://summonerswarskyarena.info/monster/shahat-wind-desert-warrior-review/,15 10 15 12,11,https://summonerswarskyarena.info/monster-list/
822,3,HP,Serpent,Water,Shailoq,https://summonerswarskyarena.info/wp-content/uploads/2017/03/unit_icon_0005_0_0.png,https://summonerswarskyarena.info/wp-content/uploads/2017/03/unit_icon_0004_0_4.png,https://summonerswarskyarena.info/monster/shailoq-water-serpent-review/,15 10 10 5,12,https://summonerswarskyarena.info/monster-list/
823,4,Attack,Chakram Dancer,Fire,Shaina,https://summonerswarskyarena.info/wp-content/uploads/2018/03/shaina.png,https://summonerswarskyarena.info/wp-content/uploads/2018/03/fire-chakram-dancer.png,https://summonerswarskyarena.info/monster/shaina-fire-chakram-review/,15 5 20 10,10,https://summonerswarskyarena.info/monster-list/
824,3,Defense,Werewolf,Wind,Shakan,https://summonerswarskyarena.info/wp-content/uploads/2016/12/Shakan_Icon.png,https://summonerswarskyarena.info/wp-content/uploads/2016/12/Werewolf_Wind_Icon.png,https://summonerswarskyarena.info/monster/shakan-wind-werewolf-review/,10 15 5 10,9,https://summonerswarskyarena.info/monster-list/
825,3,Defense,Griffon,Light,Shamann,https://summonerswarskyarena.info/wp-content/uploads/2017/01/Shamann_Icon.png,https://summonerswarskyarena.info/wp-content/uploads/2017/01/Griffon_Light_Icon.png,https://summonerswarskyarena.info/monster/shamann-light-griffon-review/,15 10 10 5,7,https://summonerswarskyarena.info/monster-list/
826,2,Attack,Hellhound,Light,Shamar,https://summonerswarskyarena.info/wp-content/uploads/2018/06/Shamar_Icon.png,https://summonerswarskyarena.info/wp-content/uploads/2018/06/Hellhound_Light_Icon.png,https://summonerswarskyarena.info/monster/shamar-light-hellhound-review/,2 15 15,13,https://summonerswarskyarena.info/monster-list/
827,5,Attack,Chimera,Light,Shan,https://summonerswarskyarena.info/wp-content/uploads/2017/02/Shan_Icon.png,https://summonerswarskyarena.info/wp-content/uploads/2017/02/Chimera_Light_Icon.png,https://summonerswarskyarena.info/monster/shan-light-chimera-review/,20 10 15 5,10,https://summonerswarskyarena.info/monster-list/
828,2,Support,Pixie,Wind,Shannon,https://summonerswarskyarena.info/wp-content/uploads/2016/07/Shannon-Wind.png,https://summonerswarskyarena.info/wp-content/uploads/2016/07/Pixie-Wind.png,https://summonerswarskyarena.info/monster/shannon-wind-pixie-review/,20 15,13,https://summonerswarskyarena.info/monster-list/
829,2,Defense,Salamander,Light,Sharman,https://summonerswarskyarena.info/wp-content/uploads/2018/06/Sharman_Icon.png,https://summonerswarskyarena.info/wp-content/uploads/2018/06/Salamander_Light_Icon.png,https://summonerswarskyarena.info/monster/sharman-light-salamander-review/,20 2 10,11,https://summonerswarskyarena.info/monster-list/
830,3,Attack,Magical Archer,Water,Sharron,https://summonerswarskyarena.info/wp-content/uploads/2016/12/Sharron_Icon.png,https://summonerswarskyarena.info/wp-content/uploads/2016/12/Magical_Archer_Water_Icon.png,https://summonerswarskyarena.info/monster/sharron-water-magical-archer-review/,20 5 15 5,15,https://summonerswarskyarena.info/monster-list/
831,5,Support,Shasha,Water,Shasha,https://summonerswarskyarena.info/wp-content/uploads/2025/11/unit_icon_0197_1_1_shasha_wa.png,https://summonerswarskyarena.info/wp-content/uploads/2025/11/unit_icon_0197_1_1_shasha_wa.png,https://summonerswarskyarena.info/monster/shasha-water-shasha-review/,,11,https://summonerswarskyarena.info/monster-list/
832,4,Attack,Shasha,Fire,Shasha,https://summonerswarskyarena.info/wp-content/uploads/2025/11/unit_icon_0197_1_2_shasha2.png,https://summonerswarskyarena.info/wp-content/uploads/2025/11/unit_icon_0197_1_2_shasha2.png,https://summonerswarskyarena.info/monster/shasha-fire-shasha-review/,,13,https://summonerswarskyarena.info/monster-list/
833,4,Attack,Shasha,Wind,Shasha,https://summonerswarskyarena.info/wp-content/uploads/2025/11/unit_icon_0197_1_3_shasha_wi.png,https://summonerswarskyarena.info/wp-content/uploads/2025/11/unit_icon_0197_1_3_shasha_wi.png,https://summonerswarskyarena.info/monster/shasha-wind-shasha-review/,,12,https://summonerswarskyarena.info/monster-list/
834,5,Support,Shasha,Light,Shasha,https://summonerswarskyarena.info/wp-content/uploads/2025/11/unit_icon_0197_1_4_shasha3.png,https://summonerswarskyarena.info/wp-content/uploads/2025/11/unit_icon_0197_1_4_shasha3.png,https://summonerswarskyarena.info/monster/shasha-light-shasha-review/,,12,https://summonerswarskyarena.info/monster-list/
835,5,Support,Shasha,Dark,Shasha,https://summonerswarskyarena.info/wp-content/uploads/2025/11/unit_icon_0197_1_5_shasha4.png,https://summonerswarskyarena.info/wp-content/uploads/2025/11/unit_icon_0197_1_5_shasha4.png,https://summonerswarskyarena.info/monster/shasha-dark-shasha-review/,,11,https://summonerswarskyarena.info/monster-list/
836,5,HP,Beast Monk,Light,Shazam,https://summonerswarskyarena.info/wp-content/uploads/2014/10/Shazam-Light.png,https://summonerswarskyarena.info/wp-content/uploads/2014/10/Beast-Monk-Light.png,https://summonerswarskyarena.info/monster/shazam-light-beast-monk-review/,20 10 15 5,11,https://summonerswarskyarena.info/monster-list/
837,5,Attack,Monkey King,Water,Shi Hou,https://summonerswarskyarena.info/wp-content/uploads/2014/10/Shi-Hou-Water.png,https://summonerswarskyarena.info/wp-content/uploads/2014/10/Monkey-King-Water.png,https://summonerswarskyarena.info/monster/shi-hou-water-monkey-king-review/,20 10 15 5,12,https://summonerswarskyarena.info/monster-list/
838,4,Attack,Nine-tailed Fox,Fire,Shihwa,https://summonerswarskyarena.info/wp-content/uploads/2017/01/Shihwa_Icon.png,https://summonerswarskyarena.info/wp-content/uploads/2017/01/Nine-tailed_Fox_Fire_Icon.png,https://summonerswarskyarena.info/monster/shihwa-fire-nine-tailed-fox-review/,10 20 5 15,8,https://summonerswarskyarena.info/monster-list/
839,4,Attack,Sylph,Wind,Shimitae,https://summonerswarskyarena.info/wp-content/uploads/2017/01/Shimitae_Icon.png,https://summonerswarskyarena.info/wp-content/uploads/2017/01/Sylph_Wind_Icon.png,https://summonerswarskyarena.info/monster/shimitae-wind-sylph-review/,10 20 5 15,9,https://summonerswarskyarena.info/monster-list/
840,5,Support,Onmyouji,Water,Shizuka,https://summonerswarskyarena.info/wp-content/uploads/2021/03/shizuka.png,https://summonerswarskyarena.info/wp-content/uploads/2021/03/water-onmyouji.png,https://summonerswarskyarena.info/monster/shizuka-water-onmyouji-review/,5 15 10 20,9,https://summonerswarskyarena.info/monster-list/
841,3,Support,High Elemental,Light,Shren,https://summonerswarskyarena.info/wp-content/uploads/2018/06/Shren_Icon-1.png,https://summonerswarskyarena.info/wp-content/uploads/2018/06/High_Elemental_Light_Icon.png,https://summonerswarskyarena.info/monster/shren-light-high-elemental-review/,15 10 10 5,11,https://summonerswarskyarena.info/monster-list/
842,3,Attack,Hellhound,Dark,Shumar,https://summonerswarskyarena.info/wp-content/uploads/2018/06/Shumar_Icon.png,https://summonerswarskyarena.info/wp-content/uploads/2018/06/Hellhound_Dark_Icon.png,https://summonerswarskyarena.info/monster/shumar-dark-hellhound-review/,2 15 15,10,https://summonerswarskyarena.info/monster-list/
843,5,Support,Shadowcaster,Light,Shun,https://summonerswarskyarena.info/wp-content/uploads/2022/04/unit_icon_0086_1_4.png,https://summonerswarskyarena.info/wp-content/uploads/2022/04/unit_icon_0086_0_4.png,https://summonerswarskyarena.info/monster/shun-light-shadowcaster-review/,5 15 10 20,8,https://summonerswarskyarena.info/monster-list/
844,2,Support,Howl,Light,Shushu,https://summonerswarskyarena.info/wp-content/uploads/2016/08/Shushu-Light.png,https://summonerswarskyarena.info/wp-content/uploads/2016/08/Howl-Light.png,https://summonerswarskyarena.info/monster/shushu-light-howl-review/,20 15,11,https://summonerswarskyarena.info/monster-list/
845,3,Attack,Harpu,Light,Sia,https://summonerswarskyarena.info/wp-content/uploads/2018/06/Sia_Icon.png,https://summonerswarskyarena.info/wp-content/uploads/2018/06/Harpu_Light_Icon.png,https://summonerswarskyarena.info/monster/sia-light-harpu-review/,5 15 5 10,11,https://summonerswarskyarena.info/monster-list/
846,4,HP,Hypnomeow,Light,Siamese,https://summonerswarskyarena.info/wp-content/uploads/2022/05/unit_icon_0085_1_4.png,https://summonerswarskyarena.info/wp-content/uploads/2022/05/unit_icon_0085_0_4.png,https://summonerswarskyarena.info/monster/siamese-light-hypnomeow-review/,15 5 20 10,10,https://summonerswarskyarena.info/monster-list/
847,4,Attack,Joker,Water,Sian,https://summonerswarskyarena.info/wp-content/uploads/2017/01/Sian_Icon.png,https://summonerswarskyarena.info/wp-content/uploads/2017/01/Joker_Water_Icon.png,https://summonerswarskyarena.info/monster/sian-water-joker/,10 20 5 15,12,https://summonerswarskyarena.info/monster-list/
848,2,Attack,Hellhound,Fire,Sieq,https://summonerswarskyarena.info/wp-content/uploads/2018/06/Sieq_Icon.png,https://summonerswarskyarena.info/wp-content/uploads/2018/06/Hellhound_Fire_Icon.png,https://summonerswarskyarena.info/monster/sieq-fire-hellhound-review/,2 15 15,12,https://summonerswarskyarena.info/monster-list/
849,4,Attack,Samurai,Dark,Sige,https://summonerswarskyarena.info/wp-content/uploads/2014/10/Sige-Dark.png,https://summonerswarskyarena.info/wp-content/uploads/2014/10/Samurai-Dark.png,https://summonerswarskyarena.info/monster/sige-dark-samurai-review/,10 20 5 15,15,https://summonerswarskyarena.info/monster-list/
850,5,Attack,Phoenix,Water,Sigmarus,https://summonerswarskyarena.info/wp-content/uploads/2017/02/Sigmarus_Icon.png,https://summonerswarskyarena.info/wp-content/uploads/2017/02/Phoenix_Water_Icon-1.png,https://summonerswarskyarena.info/monster/sigmarus-water-phoenix/,20 10 15 5,13,https://summonerswarskyarena.info/monster-list/
851,5,Attack,Exorcist Association Resolver,Dark,Sigmund,https://summonerswarskyarena.info/wp-content/uploads/2024/11/unit_icon_0166_1_5_sigmund.png,https://summonerswarskyarena.info/wp-content/uploads/2024/11/unit_icon_0166_1_5_sigmund.png,https://summonerswarskyarena.info/monster/sigmund-dark-exorcist-association-resolver-review/,,11,https://summonerswarskyarena.info/monster-list/
852,5,HP,Mercenary Queen,Dark,Sigrid,https://summonerswarskyarena.info/wp-content/uploads/2023/07/unit_icon_0117_1_5.png,https://summonerswarskyarena.info/wp-content/uploads/2023/07/unit_icon_0117_0_5.png,https://summonerswarskyarena.info/monster/sigrid-dark-mercenary-queen-review/,15 10 15 12,11,https://summonerswarskyarena.info/monster-list/
853,3,Attack,Mystic Witch,Wind,Silia,https://summonerswarskyarena.info/wp-content/uploads/2016/12/Silia_Icon.png,https://summonerswarskyarena.info/wp-content/uploads/2016/12/Mystic_Witch_Wind_Icon.png,https://summonerswarskyarena.info/monster/silia-wind-mystic-witch-review/,15 10 10 5,14,https://summonerswarskyarena.info/monster-list/
854,3,Defense,Living Armor,Light,Silver,https://summonerswarskyarena.info/wp-content/uploads/2017/01/Silver_Icon.png,https://summonerswarskyarena.info/wp-content/uploads/2017/01/Living_Armor_Light_Icon.png,https://summonerswarskyarena.info/monster/silver-light-living-armor-review/,15 10 10 5,18,https://summonerswarskyarena.info/monster-list/
855,5,Support,Silver Tail,Water,Silver Tail,https://summonerswarskyarena.info/wp-content/uploads/2026/06/unit_icon_0219_1_1_silver_tail_wa.png,https://summonerswarskyarena.info/wp-content/uploads/2026/06/unit_icon_0219_1_1_silver_tail_wa.png,https://summonerswarskyarena.info/monster/silver-tail-water-silver-tail-review/,,11,https://summonerswarskyarena.info/monster-list/
856,3,Defense,Martial Artist,Fire,Sin,https://summonerswarskyarena.info/wp-content/uploads/2015/08/Sin-Fire.png,https://summonerswarskyarena.info/wp-content/uploads/2015/08/Martial-Artist-Fire.png,https://summonerswarskyarena.info/monster/sin-fire-martial-artist-review/,15 10 10 5,12,https://summonerswarskyarena.info/monster-list/
857,2,Support,Harpu,Water,Sisroo,https://summonerswarskyarena.info/wp-content/uploads/2018/06/Sisroo_Icon.png,https://summonerswarskyarena.info/wp-content/uploads/2018/06/Harpu_Water_Icon.png,https://summonerswarskyarena.info/monster/sisroo-water-harpu-review/,5 15 5 10,14,https://summonerswarskyarena.info/monster-list/
858,4,HP,Giant Warrior,Wind,Skogul,https://summonerswarskyarena.info/wp-content/uploads/2018/10/Skogul_Icon.png,https://summonerswarskyarena.info/wp-content/uploads/2018/10/Giant_Warror_Wind_Icon.png,https://summonerswarskyarena.info/monster/skogul-wind-giant-warrior-review/,20 5 15 5,10,https://summonerswarskyarena.info/monster-list/
859,5,Attack,Puppeteer,Wind,Smicer,https://summonerswarskyarena.info/wp-content/uploads/2023/07/unit_icon_0106_1_3.png,https://summonerswarskyarena.info/wp-content/uploads/2023/07/unit_icon_0106_0_3.png,https://summonerswarskyarena.info/monster/smicer-wind-puppeteer-review/,5 15 10 20,10,https://summonerswarskyarena.info/monster-list/
860,4,Attack,Jack-o’-lantern,Fire,Smokey,https://summonerswarskyarena.info/wp-content/uploads/2015/10/Smokey-Fire.png,https://summonerswarskyarena.info/wp-content/uploads/2015/10/Jack-o-lantern-Fire.png,https://summonerswarskyarena.info/monster/smokey-fire-jack-o-lantern-review/,10 20 5 15,15,https://summonerswarskyarena.info/monster-list/
861,4,Attack,Nine-tailed Fox,Water,Soha,https://summonerswarskyarena.info/wp-content/uploads/2017/01/Soha-.png,https://summonerswarskyarena.info/wp-content/uploads/2017/01/Water-Nine-Tailed-Fox-.png,https://summonerswarskyarena.info/monster/soha-water-nine-tailed-fox-review/,10 20 5 15,12,https://summonerswarskyarena.info/monster-list/
862,5,Defense,Drakan Warrior,Water,Solvark,https://summonerswarskyarena.info/wp-content/uploads/2024/10/unit_icon_0161_0_1_solvark2.png,https://summonerswarskyarena.info/wp-content/uploads/2024/10/unit_icon_0161_0_1_solvark.png,https://summonerswarskyarena.info/monster/solvark-water-drakan-warrior-review/,15 5 20 10,12,https://summonerswarskyarena.info/monster-list/
863,4,HP,Mercenary Queen,Fire,Solveig,https://summonerswarskyarena.info/wp-content/uploads/2023/07/unit_icon_0117_1_2.png,https://summonerswarskyarena.info/wp-content/uploads/2023/07/unit_icon_0117_0_2.png,https://summonerswarskyarena.info/monster/solveig-fire-mercenary-queen-review/,15 10 15 12,11,https://summonerswarskyarena.info/monster-list/
864,5,HP,Monkey King,Dark,Son Zhang Lao,https://summonerswarskyarena.info/wp-content/uploads/2015/07/Son_Zhang_Lao_Icon.png,https://summonerswarskyarena.info/wp-content/uploads/2014/10/Monkey-King-Dark.png,https://summonerswarskyarena.info/monster/son-zhang-lao-dark-monkey-king-review/,20 10 15 5,13,https://summonerswarskyarena.info/monster-list/
865,4,Support,String Master,Water,Songseol,https://summonerswarskyarena.info/wp-content/uploads/2020/06/songseol.png,https://summonerswarskyarena.info/wp-content/uploads/2020/06/water-string-master.png,https://summonerswarskyarena.info/monster/songseol-water-string-master-review/,15 5 20 10,12,https://summonerswarskyarena.info/monster-list/
866,5,Attack,Battle Angel,Wind,Sonia,https://summonerswarskyarena.info/wp-content/uploads/2022/07/unit_icon_0087_1_3.png,https://summonerswarskyarena.info/wp-content/uploads/2022/07/unit_icon_0087_0_3.png,https://summonerswarskyarena.info/monster/sonia-wind-battle-angel-review/,5 15 10 20,9,https://summonerswarskyarena.info/monster-list/
867,4,Support,Harp Magician,Water,Sonnet,https://summonerswarskyarena.info/wp-content/uploads/2017/01/Sonnet_Icon.png,https://summonerswarskyarena.info/wp-content/uploads/2017/01/Harp_Magician_Water_Icon.png,https://summonerswarskyarena.info/monster/sonnet-water-harp-magician-review/,12 15 10 15,12,https://summonerswarskyarena.info/monster-list/
868,3,HP,Mummy,Fire,Sonora,https://summonerswarskyarena.info/wp-content/uploads/2015/10/Sonora-Fire.png,https://summonerswarskyarena.info/wp-content/uploads/2015/10/Mummy-Fire.png,https://summonerswarskyarena.info/monster/sonora-fire-mummy-review/,15 10 10 5,11,https://summonerswarskyarena.info/monster-list/
869,4,Attack,Pierret,Wind,Sophia,https://summonerswarskyarena.info/wp-content/uploads/2017/01/Sophia_Icon.png,https://summonerswarskyarena.info/wp-content/uploads/2017/01/Pierret_Wind_Icon.png,https://summonerswarskyarena.info/monster/sophia-wind-pierret-review/,10 20 5 15,11,https://summonerswarskyarena.info/monster-list/
870,2,Attack,Fairy,Dark,Sorin,https://summonerswarskyarena.info/wp-content/uploads/2018/06/Sorin_Icon.png,https://summonerswarskyarena.info/wp-content/uploads/2018/06/Fairy_Dark_Icon.png,https://summonerswarskyarena.info/monster/sorin-dark-fairy-review/,5 10 10 15,16,https://summonerswarskyarena.info/monster-list/
871,3,Support,Griffon,Fire,Spectra,https://summonerswarskyarena.info/wp-content/uploads/2016/12/Spectra_Icon.png,https://summonerswarskyarena.info/wp-content/uploads/2016/12/Griffon_Fire_Icon.png,https://summonerswarskyarena.info/monster/spectra-fire-griffon/,15 10 10 5,9,https://summonerswarskyarena.info/monster-list/
872,4,Attack,Assassin,Water,Stella,https://summonerswarskyarena.info/wp-content/uploads/2015/08/Stella-Water.png,https://summonerswarskyarena.info/wp-content/uploads/2015/08/Assassin-Water.png,https://summonerswarskyarena.info/monster/stella-water-assassin-review/,10 20 5 15,14,https://summonerswarskyarena.info/monster-list/
873,4,Attack,Rakshasa,Water,Su,https://summonerswarskyarena.info/wp-content/uploads/2017/01/Su_Icon.png,https://summonerswarskyarena.info/wp-content/uploads/2017/01/Rakshasa_Water_Icon.png,https://summonerswarskyarena.info/monster/su-water-rakshasa-review/,10 20 5 15,14,https://summonerswarskyarena.info/monster-list/
874,4,Attack,Onimusha,Water,Suiki,https://summonerswarskyarena.info/wp-content/uploads/2021/02/suiki.png,https://summonerswarskyarena.info/wp-content/uploads/2021/02/water-onimusha.png,https://summonerswarskyarena.info/monster/suiki-water-onimusha-review/,15 7 15 12,10,https://summonerswarskyarena.info/monster-list/
875,3,Attack,Beast Hunter,Wind,Suri,https://summonerswarskyarena.info/wp-content/uploads/2015/01/suri.png,https://summonerswarskyarena.info/wp-content/uploads/2015/01/beast-hunter-wind.png,https://summonerswarskyarena.info/monster/suri-wind-beast-hunter-review/,15 10 10 5,14,https://summonerswarskyarena.info/monster-list/
876,4,Attack,Barbaric King,Fire,Surtr,https://summonerswarskyarena.info/wp-content/uploads/2015/03/Surtr-Fire.png,https://summonerswarskyarena.info/wp-content/uploads/2015/03/Barbaric-King-Fire.png,https://summonerswarskyarena.info/monster/surtr-fire-barbaric-king-review/,10 20 5 15,14,https://summonerswarskyarena.info/monster-list/
877,4,Support,Rune Blacksmith,Water,Susan,https://summonerswarskyarena.info/wp-content/uploads/2022/01/unit_icon_0081_1_1.png,https://summonerswarskyarena.info/wp-content/uploads/2022/01/unit_icon_0081_0_1.png,https://summonerswarskyarena.info/monster/susan-water-rune-blacksmith-review/,15 5 20 10,11,https://summonerswarskyarena.info/monster-list/
878,4,Attack,Ninja,Water,Susano,https://summonerswarskyarena.info/wp-content/uploads/2017/01/Susano_Icon.png,https://summonerswarskyarena.info/wp-content/uploads/2017/01/Ninja_Water_Icon.png,https://summonerswarskyarena.info/monster/susano-water-ninja-review/,10 20 5 15,8,https://summonerswarskyarena.info/monster-list/
879,5,Support,Neostone Agent,Dark,Sylvia,https://summonerswarskyarena.info/wp-content/uploads/2015/08/Sylvia-Dark-N.png,https://summonerswarskyarena.info/wp-content/uploads/2015/08/Neostone-Agent-Dark-N.png,https://summonerswarskyarena.info/monster/sylvia-dark-neostone-agent-review/,12 15 7 15,9,https://summonerswarskyarena.info/monster-list/
880,4,Support,Dice Magician,Light,Tablo,https://summonerswarskyarena.info/wp-content/uploads/2017/01/Tablo_Icon.png,https://summonerswarskyarena.info/wp-content/uploads/2017/01/Dice_Magician_Light_Icon.png,https://summonerswarskyarena.info/monster/tablo-light-dice-magician-review/,10 20 5 15,11,https://summonerswarskyarena.info/monster-list/
881,5,Attack,Taebeak,Water,Taebaek,https://summonerswarskyarena.info/wp-content/uploads/2025/11/unit_icon_0198_1_1_taebaek_wa.png,https://summonerswarskyarena.info/wp-content/uploads/2025/11/unit_icon_0198_1_1_taebaek_wa.png,https://summonerswarskyarena.info/monster/taebaek-water-taebaek-review/,,12,https://summonerswarskyarena.info/monster-list/
882,4,Attack,Taebeak,Fire,Taebaek,https://summonerswarskyarena.info/wp-content/uploads/2025/11/unit_icon_0198_1_2_taebaek2.png,https://summonerswarskyarena.info/wp-content/uploads/2025/11/unit_icon_0198_1_2_taebaek2.png,https://summonerswarskyarena.info/monster/taebaek-fire-taebaek-review/,,11,https://summonerswarskyarena.info/monster-list/
883,5,Attack,Taebeak,Wind,Taebaek,https://summonerswarskyarena.info/wp-content/uploads/2025/11/unit_icon_0198_1_3_taebaek_wi.png,https://summonerswarskyarena.info/wp-content/uploads/2025/11/unit_icon_0198_1_3_taebaek_wi.png,https://summonerswarskyarena.info/monster/taebaek-wind-taebaek-review/,,12,https://summonerswarskyarena.info/monster-list/
884,5,Attack,Taebeak,Light,Taebaek,https://summonerswarskyarena.info/wp-content/uploads/2025/11/unit_icon_0198_1_4_taebaek3.png,https://summonerswarskyarena.info/wp-content/uploads/2025/11/unit_icon_0198_1_4_taebaek3.png,https://summonerswarskyarena.info/monster/taebaek-light-taebaek-review/,,10,https://summonerswarskyarena.info/monster-list/
885,4,Attack,Taebeak,Dark,Taebaek,https://summonerswarskyarena.info/wp-content/uploads/2025/11/unit_icon_0198_1_5_taebaek4.png,https://summonerswarskyarena.info/wp-content/uploads/2025/11/unit_icon_0198_1_5_taebaek4.png,https://summonerswarskyarena.info/monster/taebaek-dark-taebaek-review/,,12,https://summonerswarskyarena.info/monster-list/
886,3,Attack,Inferno,Fire,Tagaros,https://summonerswarskyarena.info/wp-content/uploads/2016/12/Tagaros_Icon.png,https://summonerswarskyarena.info/wp-content/uploads/2016/12/Inferno_Fire_Icon.png,https://summonerswarskyarena.info/monster/tagaros-fire-inferno-review/,15 10 10 5,13,https://summonerswarskyarena.info/monster-list/
887,2,Attack,Elemental,Wind,Taharus,https://summonerswarskyarena.info/wp-content/uploads/2018/06/Taharus_Icon.png,https://summonerswarskyarena.info/wp-content/uploads/2018/06/Elemental_Wind_Icon.png,https://summonerswarskyarena.info/monster/taharus-wind-elemental-review/,5 15 5 10,12,https://summonerswarskyarena.info/monster-list/
888,3,HP,Battle Mammoth,Water,Talc,https://summonerswarskyarena.info/wp-content/uploads/2015/03/Talc-Water.png,https://summonerswarskyarena.info/wp-content/uploads/2015/03/Battle-Mammoth-Water.png,https://summonerswarskyarena.info/monster/talc-water-battle-mammoth-review/,15 10 10 5,9,https://summonerswarskyarena.info/monster-list/
889,4,Attack,Chakram Dancer,Water,Talia,https://summonerswarskyarena.info/wp-content/uploads/2018/03/Talia_Icon.png,https://summonerswarskyarena.info/wp-content/uploads/2018/03/Chakram_Dancer_Water_Icon.png,https://summonerswarskyarena.info/monster/talia-water-chakram-review/,15 5 20 10,10,https://summonerswarskyarena.info/monster-list/
890,5,Attack,Striker,Light,Talisman,https://summonerswarskyarena.info/wp-content/uploads/2020/11/talisman.png,https://summonerswarskyarena.info/wp-content/uploads/2020/11/light-striker.png,https://summonerswarskyarena.info/monster/talisman-light-striker-review/,5 15 10 20,11,https://summonerswarskyarena.info/monster-list/
891,4,Attack,Tanjiro Kamado,Water,Tanjiro Kamado,https://summonerswarskyarena.info/wp-content/uploads/2025/01/unit_icon_0167_1_1_TanjiroWa.png,https://summonerswarskyarena.info/wp-content/uploads/2025/01/unit_icon_0167_1_1_TanjiroWa.png,https://summonerswarskyarena.info/monster/tanjiro-kamado-water-tanjiro-kamado-review/,,11,https://summonerswarskyarena.info/monster-list/
892,5,Attack,Tanjiro Kamado,Fire,Tanjiro Kamado,https://summonerswarskyarena.info/wp-content/uploads/2025/01/unit_icon_0167_1_1_TanjiroF.png,https://summonerswarskyarena.info/wp-content/uploads/2025/01/unit_icon_0167_1_1_TanjiroF.png,https://summonerswarskyarena.info/monster/tanjiro-kamado-fire-tanjiro-kamado-review/,,10,https://summonerswarskyarena.info/monster-list/
893,5,Attack,Tanjiro Kamado,Wind,Tanjiro Kamado,https://summonerswarskyarena.info/wp-content/uploads/2025/01/unit_icon_0167_1_1_TanjiroWi.png,https://summonerswarskyarena.info/wp-content/uploads/2025/01/unit_icon_0167_1_1_TanjiroWi.png,https://summonerswarskyarena.info/monster/tanjiro-kamado-wind-tanjiro-kamado-review/,,10,https://summonerswarskyarena.info/monster-list/
894,5,Attack,Tanjiro Kamado,Light,Tanjiro Kamado,https://summonerswarskyarena.info/wp-content/uploads/2025/01/unit_icon_0167_1_1_TanjiroL.png,https://summonerswarskyarena.info/wp-content/uploads/2025/01/unit_icon_0167_1_1_TanjiroL.png,https://summonerswarskyarena.info/monster/tanjiro-kamado-light-tanjiro-kamado-review/,,10,https://summonerswarskyarena.info/monster-list/
895,4,Attack,Tanjiro Kamado,Dark,Tanjiro Kamado,https://summonerswarskyarena.info/wp-content/uploads/2025/01/unit_icon_0167_1_1_TanjiroD.png,https://summonerswarskyarena.info/wp-content/uploads/2025/01/unit_icon_0167_1_1_TanjiroD.png,https://summonerswarskyarena.info/monster/tanjiro-kamado-dark-tanjiro-kamado-review/,,11,https://summonerswarskyarena.info/monster-list/
896,2,HP,Yeti,Fire,Tantra,https://summonerswarskyarena.info/wp-content/uploads/2018/06/Tantra_Icon.png,https://summonerswarskyarena.info/wp-content/uploads/2018/06/Yeti_Fire_Icon.png,https://summonerswarskyarena.info/monster/tantra-fire-yeti-review/,1 15 20,10,https://summonerswarskyarena.info/monster-list/
897,4,Attack,Assassin,Wind,Tanya,https://summonerswarskyarena.info/wp-content/uploads/2015/08/Tanya-Wind.png,https://summonerswarskyarena.info/wp-content/uploads/2015/08/Assassin-Wind.png,https://summonerswarskyarena.info/monster/tanya-wind-assassin-review/,10 20 5 15,12,https://summonerswarskyarena.info/monster-list/
898,4,Defense,Gargoyle,Water,Tanzaite,https://summonerswarskyarena.info/wp-content/uploads/2019/08/tanzaite.png,https://summonerswarskyarena.info/wp-content/uploads/2019/08/water-gargoyle.png,https://summonerswarskyarena.info/monster/tanzaite-water-gargoyle-review/,15 5 20 10,11,https://summonerswarskyarena.info/monster-list/
899,5,Attack,Chimera,Water,Taor,https://summonerswarskyarena.info/wp-content/uploads/2017/02/Taor_Icon.png,https://summonerswarskyarena.info/wp-content/uploads/2017/02/Chimera_Water_Icon.png,https://summonerswarskyarena.info/monster/taor-water-chimera-review/,,10,https://summonerswarskyarena.info/monster-list/
900,5,Defense,Druid,Wind,Taranys,https://summonerswarskyarena.info/wp-content/uploads/2018/09/taranys.png,https://summonerswarskyarena.info/wp-content/uploads/2018/09/wind-druid.png,https://summonerswarskyarena.info/monster/taranys-wind-druid-review/,15 5 20 10,11,https://summonerswarskyarena.info/monster-list/
901,5,Support,Magic Order Enchantress,Fire,Tarnisha,https://summonerswarskyarena.info/wp-content/uploads/2024/06/unit_icon_0152_1_2_tarnisha2.png,https://summonerswarskyarena.info/wp-content/uploads/2024/06/unit_icon_0152_0_2_tarnisha.png,https://summonerswarskyarena.info/monster/tarnisha-fire-magic-order-enchantress-review/,12 15 10 15,11,https://summonerswarskyarena.info/monster-list/
902,2,Attack,Hellhound,Water,Tarq,https://summonerswarskyarena.info/wp-content/uploads/2018/06/Tarq_Icon.png,https://summonerswarskyarena.info/wp-content/uploads/2018/06/Hellhound_Water_Icon.png,https://summonerswarskyarena.info/monster/tarq-water-hellhound-review/,2 15 15,12,https://summonerswarskyarena.info/monster-list/
903,2,Attack,Imp,Light,Taru,https://summonerswarskyarena.info/wp-content/uploads/2016/07/Taru-Light.png,https://summonerswarskyarena.info/wp-content/uploads/2016/07/Imp-Light.png,https://summonerswarskyarena.info/monster/taru-light-imp-review/,20 15,15,https://summonerswarskyarena.info/monster-list/
904,2,Attack,Pixie,Fire,Tatu,https://summonerswarskyarena.info/wp-content/uploads/2016/07/Tatu-Fire.png,https://summonerswarskyarena.info/wp-content/uploads/2016/07/Pixie-Fire.png,https://summonerswarskyarena.info/monster/tatu-fire-pixie-review/,20 15,15,https://summonerswarskyarena.info/monster-list/
905,4,Attack,Kobold Bomber,Wind,Taurus,https://summonerswarskyarena.info/wp-content/uploads/2014/12/Taurus-Wind.png,https://summonerswarskyarena.info/wp-content/uploads/2014/12/Kobold-Bomber-Wind.png,https://summonerswarskyarena.info/monster/taurus-wind-kobold-bomber-review/,10 20 5 15,12,https://summonerswarskyarena.info/monster-list/
906,3,Support,Garuda,Light,Teon,https://summonerswarskyarena.info/wp-content/uploads/2018/06/Teon_Icon.png,https://summonerswarskyarena.info/wp-content/uploads/2018/06/Garuda_Light_Icon.png,https://summonerswarskyarena.info/monster/teon-light-garuda-review/,2 15 15,15,https://summonerswarskyarena.info/monster-list/
907,5,HP,Ifrit,Fire,Tesarion,https://summonerswarskyarena.info/wp-content/uploads/2015/03/Tesarion-Fire.png,https://summonerswarskyarena.info/wp-content/uploads/2015/03/Ifrit-Fire.png,https://summonerswarskyarena.info/monster/tesarion-fire-ifrit-review/,20 10 15 5,10,https://summonerswarskyarena.info/monster-list/
908,5,Attack,Phoenix,Wind,Teshar,https://summonerswarskyarena.info/wp-content/uploads/2017/02/Phoenix_Wind_Icon.png,https://summonerswarskyarena.info/wp-content/uploads/2017/02/Phoenix_Wind_Icon.png,https://summonerswarskyarena.info/monster/teshar-wind-phoenix/,20 10 15 5,14,https://summonerswarskyarena.info/monster-list/
909,4,Support,Mermaid,Water,Tetra,https://summonerswarskyarena.info/wp-content/uploads/2015/06/Tetra-Water.png,https://summonerswarskyarena.info/wp-content/uploads/2015/06/Mermaid-Water.png,https://summonerswarskyarena.info/monster/tetra-water-mermaid-review/,10 20 5 15,9,https://summonerswarskyarena.info/monster-list/
910,5,Support,Exorcist Association Conjurer,Fire,Tetsuya,https://summonerswarskyarena.info/wp-content/uploads/2024/11/unit_icon_0165_1_2_tetsuya.png,https://summonerswarskyarena.info/wp-content/uploads/2024/11/unit_icon_0165_1_2_tetsuya.png,https://summonerswarskyarena.info/monster/tetsuya-fire-exorcist-association-conjurer-review/,,10,https://summonerswarskyarena.info/monster-list/
911,5,HP,Anubis,Dark,Thebae,https://summonerswarskyarena.info/wp-content/uploads/2015/10/Thebae-Dark.png,https://summonerswarskyarena.info/wp-content/uploads/2015/10/Anubis-Dark.png,https://summonerswarskyarena.info/monster/thebae-dark-anubis-review/,12 15 7 15,12,https://summonerswarskyarena.info/monster-list/
912,5,Support,Specter Princess,Fire,Theodora,https://summonerswarskyarena.info/wp-content/uploads/2024/12/unit_icon_0175_0_2_Theodora2.png,https://summonerswarskyarena.info/wp-content/uploads/2024/12/unit_icon_0175_0_2_Theodora.png,https://summonerswarskyarena.info/monster/theodora-fire-specter-princess-review/,15 5 20 10,12,https://summonerswarskyarena.info/monster-list/
913,5,Attack,Ifrit,Water,Theomars,https://summonerswarskyarena.info/wp-content/uploads/2015/03/Theomars-Water.png,https://summonerswarskyarena.info/wp-content/uploads/2015/03/Ifrit-Water.png,https://summonerswarskyarena.info/monster/theomars-water-ifrit/,20 10 15 5,10,https://summonerswarskyarena.info/monster-list/
914,5,Attack,Justice,Dark,Theonia,https://summonerswarskyarena.info/wp-content/uploads/2025/12/unit_icon_0202_0_5_Theonia2.png,https://summonerswarskyarena.info/wp-content/uploads/2025/12/unit_icon_0202_0_5_Theonia.png,https://summonerswarskyarena.info/monster/theonia-dark-justice-review/,20 10 15 5,12,https://summonerswarskyarena.info/monster-list/
915,5,Attack,Lollipop Warrior,Wind,Thomas,https://summonerswarskyarena.info/wp-content/uploads/2023/07/unit_icon_0096_1_3.png,https://summonerswarskyarena.info/wp-content/uploads/2023/07/unit_icon_0096_0_3.png,https://summonerswarskyarena.info/monster/thomas-wind-lollipop-warrior-review/,5 15 10 20,9,https://summonerswarskyarena.info/monster-list/
916,3,Attack,Grim Reaper,Dark,Thrain,https://summonerswarskyarena.info/wp-content/uploads/2017/01/Thrain_Icon.png,https://summonerswarskyarena.info/wp-content/uploads/2017/01/Grim_Reaper_Dark_Icon.png,https://summonerswarskyarena.info/monster/thrain-dark-grim-reaper-review/,15 10 10 5,13,https://summonerswarskyarena.info/monster-list/
917,5,HP,Panda Warrior,Light,Tian Lang,https://summonerswarskyarena.info/wp-content/uploads/2016/05/Tian-Lang-Light.png,https://summonerswarskyarena.info/wp-content/uploads/2016/05/Panda-Warrior-Light.png,https://summonerswarskyarena.info/monster/tian-lang-light-panda-warrior-review/,20 10 15 5,10,https://summonerswarskyarena.info/monster-list/
918,5,Support,Polar Queen,Wind,Tiana,https://summonerswarskyarena.info/wp-content/uploads/2015/03/Tiana-Wind.png,https://summonerswarskyarena.info/wp-content/uploads/2015/03/Polar-Queen-Wind.png,https://summonerswarskyarena.info/monster/tiana-wind-polar-queen-review/,20 10 15 5,10,https://summonerswarskyarena.info/monster-list/
919,3,Attack,Drunken Master,Light,Tien Qin,https://summonerswarskyarena.info/wp-content/uploads/2017/01/Tien_Qin_Icon.png,https://summonerswarskyarena.info/wp-content/uploads/2017/01/Drunken_Master_Light_Icon.png,https://summonerswarskyarena.info/monster/tien-qin-light-drunken-master-review/,15 10 10 5,14,https://summonerswarskyarena.info/monster-list/
920,1,Support,Low Elemental,Water,Tigresse,https://summonerswarskyarena.info/wp-content/uploads/2016/11/Tigresse_Icon.png,https://summonerswarskyarena.info/wp-content/uploads/2016/11/Low_Elemental_Water_Icon.png,https://summonerswarskyarena.info/monster/tigresse-water-low-elemental/,10 5,12,https://summonerswarskyarena.info/monster-list/
921,4,Support,Undine,Dark,Tilasha,https://summonerswarskyarena.info/wp-content/uploads/2018/06/Tilasha_Icon.png,https://summonerswarskyarena.info/wp-content/uploads/2018/06/Undine_Dark_Icon.png,https://summonerswarskyarena.info/monster/tilasha-dark-undine-review/,10 20 5 15,8,https://summonerswarskyarena.info/monster-list/
922,5,Attack,Magic Order Swordsinger,Wind,Tirsa,https://summonerswarskyarena.info/wp-content/uploads/2024/06/unit_icon_0151_1_3_tirsa2.png,https://summonerswarskyarena.info/wp-content/uploads/2024/06/unit_icon_0151_0_3_tirsa.png,https://summonerswarskyarena.info/monster/tirsa-wind-magic-order-swordsinger-review/,12 15 10 15,12,https://summonerswarskyarena.info/monster-list/
923,5,Defense,Beetle Guardian,Fire,Tityus,https://summonerswarskyarena.info/wp-content/uploads/2025/04/unit_icon_0177_0_1_tityus2.png,https://summonerswarskyarena.info/wp-content/uploads/2025/04/unit_icon_0177_0_1_tityus.png,https://summonerswarskyarena.info/monster/tityus-fire-beetle-guardian-review/,5 15 10 20,11,https://summonerswarskyarena.info/monster-list/
924,4,Support,Poison Master,Fire,Todd,https://summonerswarskyarena.info/wp-content/uploads/2020/12/todd.png,https://summonerswarskyarena.info/wp-content/uploads/2020/12/fire-poison-master.png,https://summonerswarskyarena.info/monster/todd-fire-poison-master-review/,5 15 20 10,12,https://summonerswarskyarena.info/monster-list/
925,3,Attack,Penguin Knight,Water,Toma,https://summonerswarskyarena.info/wp-content/uploads/2015/03/Toma-Water.png,https://summonerswarskyarena.info/wp-content/uploads/2015/03/Penguin-Knight-Water.png,https://summonerswarskyarena.info/monster/toma-water-penguin-knight-review/,15 10 10 5,13,https://summonerswarskyarena.info/monster-list/
926,5,Support,Onmyouji,Fire,Tomoe,https://summonerswarskyarena.info/wp-content/uploads/2021/03/tomoe.png,https://summonerswarskyarena.info/wp-content/uploads/2021/03/fire-onmyouji.png,https://summonerswarskyarena.info/monster/tomoe-fire-onmyouji-review/,5 15 10 20,11,https://summonerswarskyarena.info/monster-list/
927,4,Attack,Samurai,Light,Tosi,https://summonerswarskyarena.info/wp-content/uploads/2014/10/Tosi-Light.png,https://summonerswarskyarena.info/wp-content/uploads/2014/10/Samurai-Light.png,https://summonerswarskyarena.info/monster/tosi-light-samurai-review/,10 20 5 15,16,https://summonerswarskyarena.info/monster-list/
928,3,Defense,Frankenstein,Water,Tractor,https://summonerswarskyarena.info/wp-content/uploads/2015/10/Tractor-Water.png,https://summonerswarskyarena.info/wp-content/uploads/2015/10/Frankenstein-Water.png,https://summonerswarskyarena.info/monster/tractor-water-frankenstein-review/,15 10 10 5,10,https://summonerswarskyarena.info/monster-list/
929,4,HP,Giant Warrior,Dark,Trasar,https://summonerswarskyarena.info/wp-content/uploads/2018/10/Trasar_Icon.png,https://summonerswarskyarena.info/wp-content/uploads/2018/10/Giant_Warror_Dark_Icon.png,https://summonerswarskyarena.info/monster/trasar-dark-giant-warrior-review/,20 5 15 5,10,https://summonerswarskyarena.info/monster-list/
930,4,Attack,Neostone Fighter,Fire,Trevor,https://summonerswarskyarena.info/wp-content/uploads/2015/08/Trevor-Fire.png,https://summonerswarskyarena.info/wp-content/uploads/2015/08/Neostone-Fighter-Fire.png,https://summonerswarskyarena.info/monster/trevor-fire-neostone-fighter-review/,10 20 5 15,8,https://summonerswarskyarena.info/monster-list/
931,4,Support,Harp Magician,Wind,Triana,https://summonerswarskyarena.info/wp-content/uploads/2017/01/Triana_Icon.png,https://summonerswarskyarena.info/wp-content/uploads/2017/01/Harp_Magician_Wind_Icon.png,https://summonerswarskyarena.info/monster/triana-wind-harp-magician-review/,12 15 10 15,13,https://summonerswarskyarena.info/monster-list/
932,5,HP,Valkyrja,Dark,Trinity,https://summonerswarskyarena.info/wp-content/uploads/2017/02/Trinity_Icon.png,https://summonerswarskyarena.info/wp-content/uploads/2017/02/Valkyrja_Dark_Icon.png,https://summonerswarskyarena.info/monster/trinity-dark-valkyrja-review/,20 10 15 5,9,https://summonerswarskyarena.info/monster-list/
933,4,Support,Triss,Water,Triss,https://summonerswarskyarena.info/wp-content/uploads/2024/01/unit_icon_0144_1_1.png,https://summonerswarskyarena.info/wp-content/uploads/2024/01/unit_icon_0144_1_1.png,https://summonerswarskyarena.info/monster/triss-water-triss-review/,,10,https://summonerswarskyarena.info/monster-list/
934,5,Attack,Triss,Fire,Triss,https://summonerswarskyarena.info/wp-content/uploads/2024/01/unit_icon_0144_1_2.png,https://summonerswarskyarena.info/wp-content/uploads/2024/01/unit_icon_0144_1_2.png,https://summonerswarskyarena.info/monster/triss-fire-triss-review/,,12,https://summonerswarskyarena.info/monster-list/
935,4,Support,Triss,Wind,Triss,https://summonerswarskyarena.info/wp-content/uploads/2024/01/unit_icon_0144_1_3.png,https://summonerswarskyarena.info/wp-content/uploads/2024/01/unit_icon_0144_1_3.png,https://summonerswarskyarena.info/monster/triss-wind-triss-review/,,12,https://summonerswarskyarena.info/monster-list/
936,5,Support,Triss,Light,Triss,https://summonerswarskyarena.info/wp-content/uploads/2024/01/unit_icon_0144_1_4.png,https://summonerswarskyarena.info/wp-content/uploads/2024/01/unit_icon_0144_1_4.png,https://summonerswarskyarena.info/monster/triss-light-triss-review/,,10,https://summonerswarskyarena.info/monster-list/
937,5,Attack,Triss,Dark,Triss,https://summonerswarskyarena.info/wp-content/uploads/2024/01/unit_icon_0144_1_5.png,https://summonerswarskyarena.info/wp-content/uploads/2024/01/unit_icon_0144_1_5.png,https://summonerswarskyarena.info/monster/triss-dark-triss-review/,,12,https://summonerswarskyarena.info/monster-list/
938,5,Defense,Sea Emperor,Wind,Triton,https://summonerswarskyarena.info/wp-content/uploads/2017/02/Triton_Icon.png,https://summonerswarskyarena.info/wp-content/uploads/2015/06/Sea-Emperor-Wind.png,https://summonerswarskyarena.info/monster/triton-wind-sea-emperor-review/,20 10 15 5,10,https://summonerswarskyarena.info/monster-list/
939,4,HP,Choco Knight,Dark,Truffle,https://summonerswarskyarena.info/wp-content/uploads/2023/07/unit_icon_0098_1_5.png,https://summonerswarskyarena.info/wp-content/uploads/2023/07/unit_icon_0098_0_5.png,https://summonerswarskyarena.info/monster/truffle-dark-choco-knight-review/,15 5 20 10,11,https://summonerswarskyarena.info/monster-list/
940,4,Attack,Sylph,Water,Tyron,https://summonerswarskyarena.info/wp-content/uploads/2017/01/Tyron_Icon.png,https://summonerswarskyarena.info/wp-content/uploads/2017/01/Sylph_Water_Icon.png,https://summonerswarskyarena.info/monster/tyron-water-sylph-review/,10 20 5 15,11,https://summonerswarskyarena.info/monster-list/
941,2,HP,Warbear,Fire,Ursha,https://summonerswarskyarena.info/wp-content/uploads/2018/06/Ursha_Icon.png,https://summonerswarskyarena.info/wp-content/uploads/2018/06/Warbear_Fire_Icon.png,https://summonerswarskyarena.info/monster/ursha-fire-warbear-review/,15 5 10 5,13,https://summonerswarskyarena.info/monster-list/
942,3,HP,Minotauros,Water,Urtau,https://summonerswarskyarena.info/wp-content/uploads/2014/10/Urtau-Water.png,https://summonerswarskyarena.info/wp-content/uploads/2014/10/Minotauros-Water.png,https://summonerswarskyarena.info/monster/urtau-water-minotauros-review/,15 10 10 5,14,https://summonerswarskyarena.info/monster-list/
943,4,Attack,Asura,Wind,Usha,https://summonerswarskyarena.info/wp-content/uploads/2023/07/unit_icon_0119_1_3.png,https://summonerswarskyarena.info/wp-content/uploads/2023/07/unit_icon_0119_0_3.png,https://summonerswarskyarena.info/monster/usha-wind-asura-review/,15 5 20 10,11,https://summonerswarskyarena.info/monster-list/
944,5,HP,Druid,Light,Valantis,https://summonerswarskyarena.info/wp-content/uploads/2018/09/valantis.png,https://summonerswarskyarena.info/wp-content/uploads/2018/09/light-druid.png,https://summonerswarskyarena.info/monster/valantis-light-druid-review/,20 10 15 5,12,https://summonerswarskyarena.info/monster-list/
945,5,HP,Magic Order Guardian,Dark,Valdemar,https://summonerswarskyarena.info/wp-content/uploads/2024/06/unit_icon_0150_1_5_valdemar2.png,https://summonerswarskyarena.info/wp-content/uploads/2024/06/unit_icon_0150_0_5_valdemar.png,https://summonerswarskyarena.info/monster/valdemar-dark-magic-order-guardian-review/,20 10 15 5,10,https://summonerswarskyarena.info/monster-list/
946,5,Attack,Striker,Dark,Vancliffe,https://summonerswarskyarena.info/wp-content/uploads/2020/11/vancliffe.png,https://summonerswarskyarena.info/wp-content/uploads/2020/11/dark-striker.png,https://summonerswarskyarena.info/monster/vancliffe-dark-striker-review/,5 15 10 20,12,https://summonerswarskyarena.info/monster-list/
947,5,Support,Valkyrja,Fire,Vanessa,https://summonerswarskyarena.info/wp-content/uploads/2017/02/Vanessa_Icon.png,https://summonerswarskyarena.info/wp-content/uploads/2017/02/Valkyrja_Fire_Icon.png,https://summonerswarskyarena.info/monster/vanessa-fire-valkyrja-review/,20 10 15 5,9,https://summonerswarskyarena.info/monster-list/
948,4,Attack,Asura,Fire,Varuna,https://summonerswarskyarena.info/wp-content/uploads/2023/07/unit_icon_0119_1_2.png,https://summonerswarskyarena.info/wp-content/uploads/2023/07/unit_icon_0119_0_2.png,https://summonerswarskyarena.info/monster/varuna-fire-asura-review/,15 5 20 10,13,https://summonerswarskyarena.info/monster-list/
949,3,Defense,Griffon,Dark,Varus,https://summonerswarskyarena.info/wp-content/uploads/2017/01/Varus_Icon.png,https://summonerswarskyarena.info/wp-content/uploads/2017/01/Griffon_Dark_Icon.png,https://summonerswarskyarena.info/monster/varus-dark-griffon-review/,15 10 10 5,7,https://summonerswarskyarena.info/monster-list/
950,5,Support,Archangel,Fire,Velajuel,https://summonerswarskyarena.info/wp-content/uploads/2017/02/Velajuel_Icon.png,https://summonerswarskyarena.info/wp-content/uploads/2017/02/Archangel_Fire_Icon.png,https://summonerswarskyarena.info/monster/velajuel-fire-archangel-review/,20 10 15 5,9,https://summonerswarskyarena.info/monster-list/
951,5,Support,Specter Princess,Dark,Velaska,https://summonerswarskyarena.info/wp-content/uploads/2024/12/unit_icon_0175_0_5_Velaska2.png,https://summonerswarskyarena.info/wp-content/uploads/2024/12/unit_icon_0175_0_5_Velaska.png,https://summonerswarskyarena.info/monster/velaska-dark-specter-princess-review/,15 5 20 10,9,https://summonerswarskyarena.info/monster-list/
952,3,Defense,Lizardman,Wind,Velfinodon,https://summonerswarskyarena.info/wp-content/uploads/2014/11/Velfinodon-Wind.png,https://summonerswarskyarena.info/wp-content/uploads/2014/11/Lizardman-Wind.png,https://summonerswarskyarena.info/monster/velfinodon-wind-lizardman/,15 10 10 5,11,https://summonerswarskyarena.info/monster-list/
953,5,Attack,Indra,Fire,Vendhan,https://summonerswarskyarena.info/wp-content/uploads/2023/07/unit_icon_0118_1_2.png,https://summonerswarskyarena.info/wp-content/uploads/2023/07/unit_icon_0118_0_2.png,https://summonerswarskyarena.info/monster/vendhan-fire-indra-review/,5 15 10 20,11,https://summonerswarskyarena.info/monster-list/
954,5,Defense,Dragon,Water,Verad,https://summonerswarskyarena.info/wp-content/uploads/2017/02/Verad_Icon.png,https://summonerswarskyarena.info/wp-content/uploads/2017/02/Dragon_Water_Icon.png,https://summonerswarskyarena.info/monster/verad-water-dragon-review/,20 10 15 5,12,https://summonerswarskyarena.info/monster-list/
955,4,Attack,Vampire,Fire,Verdehile,https://summonerswarskyarena.info/wp-content/uploads/2017/01/Verdehile_Icon.png,https://summonerswarskyarena.info/wp-content/uploads/2017/01/Vampire_Fire_Icon.png,https://summonerswarskyarena.info/monster/verdehile-fire-vampire-review/,12 15 10 15,8,https://summonerswarskyarena.info/monster-list/
956,4,Support,Blade Dancer,Dark,Vereesa,https://summonerswarskyarena.info/wp-content/uploads/2020/11/vereesa.png,https://summonerswarskyarena.info/wp-content/uploads/2020/11/dark-blade-dancer.png,https://summonerswarskyarena.info/monster/vereesa-dark-blade-dancer-review/,15 5 20 10,12,https://summonerswarskyarena.info/monster-list/
957,5,HP,Vermilion Bird Dancer,Water,Vermilion Bird Dancer,https://summonerswarskyarena.info/wp-content/uploads/2025/05/unit_icon_0179_1_1_Vermilion-Bird-DancerWa.png,https://summonerswarskyarena.info/wp-content/uploads/2025/05/unit_icon_0179_1_1_Vermilion-Bird-DancerWa.png,https://summonerswarskyarena.info/monster/vermilion-bird-dancer-water-vermilion-bird-dancer-review/,,11,https://summonerswarskyarena.info/monster-list/
958,5,Support,Vermilion Bird Dancer,Fire,Vermilion Bird Dancer,https://summonerswarskyarena.info/wp-content/uploads/2025/05/unit_icon_0179_1_1_Vermilion-Bird-DancerF.png,https://summonerswarskyarena.info/wp-content/uploads/2025/05/unit_icon_0179_1_1_Vermilion-Bird-DancerF.png,https://summonerswarskyarena.info/monster/vermilion-bird-dancer-fire-vermilion-bird-dancer-review/,,12,https://summonerswarskyarena.info/monster-list/
959,4,Support,Vermilion Bird Dancer,Wind,Vermilion Bird Dancer,https://summonerswarskyarena.info/wp-content/uploads/2025/05/unit_icon_0179_1_1_Vermilion-Bird-DancerWi.png,https://summonerswarskyarena.info/wp-content/uploads/2025/05/unit_icon_0179_1_1_Vermilion-Bird-DancerWi.png,https://summonerswarskyarena.info/monster/vermilion-bird-dancer-wind-vermilion-bird-dancer-review/,,11,https://summonerswarskyarena.info/monster-list/
960,4,Attack,Vermilion Bird Dancer,Light,Vermilion Bird Dancer,https://summonerswarskyarena.info/wp-content/uploads/2025/05/unit_icon_0179_1_1_Vermilion-Bird-DancerL.png,https://summonerswarskyarena.info/wp-content/uploads/2025/05/unit_icon_0179_1_1_Vermilion-Bird-DancerL.png,https://summonerswarskyarena.info/monster/vermilion-bird-dancer-light-vermilion-bird-dancer-review/,,10,https://summonerswarskyarena.info/monster-list/
961,5,Support,Vermilion Bird Dancer,Dark,Vermilion Bird Dancer,https://summonerswarskyarena.info/wp-content/uploads/2025/05/unit_icon_0179_1_1_Vermilion-Bird-DancerD.png,https://summonerswarskyarena.info/wp-content/uploads/2025/05/unit_icon_0179_1_1_Vermilion-Bird-DancerD.png,https://summonerswarskyarena.info/monster/vermilion-bird-dancer-dark-vermilion-bird-dancer-review/,,12,https://summonerswarskyarena.info/monster-list/
962,5,Support,Ifrit,Dark,Veromos,https://summonerswarskyarena.info/wp-content/uploads/2015/03/Veromos-Dark.png,https://summonerswarskyarena.info/wp-content/uploads/2015/03/Ifrit-Dark.png,https://summonerswarskyarena.info/monster/veromos-dark-ifrit/,20 10 15 5,11,https://summonerswarskyarena.info/monster-list/
963,5,Attack,Battle Angel,Light,Veronica,https://summonerswarskyarena.info/wp-content/uploads/2022/07/unit_icon_0087_1_4.png,https://summonerswarskyarena.info/wp-content/uploads/2022/07/unit_icon_0087_0_4.png,https://summonerswarskyarena.info/monster/veronica-light-battle-angel-review/,5 15 10 20,12,https://summonerswarskyarena.info/monster-list/
964,3,Defense,Giant Warrior,Fire,Vidurr,https://summonerswarskyarena.info/wp-content/uploads/2018/10/Vidurr_Icon.png,https://summonerswarskyarena.info/wp-content/uploads/2018/10/Giant_Warror_Fire_Icon.png,https://summonerswarskyarena.info/monster/vidurr-fire-giant-warrior-review/,20 5 15 5,14,https://summonerswarskyarena.info/monster-list/
965,3,HP,Werewolf,Water,Vigor,https://summonerswarskyarena.info/wp-content/uploads/2016/12/Vigor_Icon.png,https://summonerswarskyarena.info/wp-content/uploads/2016/12/Werewolf_Water_Icon.png,https://summonerswarskyarena.info/monster/vigor-water-werewolf-review/,10 15 5 10,11,https://summonerswarskyarena.info/monster-list/
966,5,Defense,Exorcist Association Resolver,Wind,Vincent,https://summonerswarskyarena.info/wp-content/uploads/2024/11/unit_icon_0166_1_3_vincent.png,https://summonerswarskyarena.info/wp-content/uploads/2024/11/unit_icon_0166_1_3_vincent.png,https://summonerswarskyarena.info/monster/vincent-wind-exorcist-association-resolver-review/,,12,https://summonerswarskyarena.info/monster-list/
967,5,Support,Harp Magician,Dark,Vivachel,https://summonerswarskyarena.info/wp-content/uploads/2017/02/Vivachel_Icon.png,https://summonerswarskyarena.info/wp-content/uploads/2017/02/Harp_Magician_Dark_Icon.png,https://summonerswarskyarena.info/monster/vivachel-dark-harp-magician-review/,12 15 10 15,12,https://summonerswarskyarena.info/monster-list/
968,4,HP,Tomb Warden,Dark,Volg,https://summonerswarskyarena.info/wp-content/uploads/2024/12/unit_icon_0176_0_5_volg2.png,https://summonerswarskyarena.info/wp-content/uploads/2024/12/unit_icon_0176_0_5_volg.png,https://summonerswarskyarena.info/monster/volg-dark-tomb-warden-review/,5 15 10 20,8,https://summonerswarskyarena.info/monster-list/
969,4,HP,Asura,Dark,Vritra,https://summonerswarskyarena.info/wp-content/uploads/2023/07/unit_icon_0119_1_5.png,https://summonerswarskyarena.info/wp-content/uploads/2023/07/unit_icon_0119_0_5.png,https://summonerswarskyarena.info/monster/vritra-dark-asura-review/,15 5 20 10,11,https://summonerswarskyarena.info/monster-list/
970,3,Attack,Bounty Hunter,Light,Walkers,https://summonerswarskyarena.info/wp-content/uploads/2017/01/Walkers_Icon.png,https://summonerswarskyarena.info/wp-content/uploads/2017/01/Bounty_Hunter_Light_Icon.png,https://summonerswarskyarena.info/monster/walkers-light-bounty-hunter-reviews/,15 10 10 5,12,https://summonerswarskyarena.info/monster-list/
971,2,HP,Viking,Wind,Walter,https://summonerswarskyarena.info/wp-content/uploads/2016/12/Walter_Icon.png,https://summonerswarskyarena.info/wp-content/uploads/2016/12/Viking_Wind_Icon.png,https://summonerswarskyarena.info/monster/walter-wind-viking-review/,5 15 5 10,17,https://summonerswarskyarena.info/monster-list/
972,3,Attack,Bounty Hunter,Water,Wayne,https://summonerswarskyarena.info/wp-content/uploads/2016/12/Wayne_Icon.png,https://summonerswarskyarena.info/wp-content/uploads/2016/12/Bounty_Hunter_Water_Icon.png,https://summonerswarskyarena.info/monster/wayne-water-bounty-hunter-review/,15 10 10 5,11,https://summonerswarskyarena.info/monster-list/
973,5,Defense,Horus,Light,Wedjat,https://summonerswarskyarena.info/wp-content/uploads/2015/10/Wedjat-Light.png,https://summonerswarskyarena.info/wp-content/uploads/2015/10/Horus-Light.png,https://summonerswarskyarena.info/monster/wedjat-light-horus-review/,12 15 7 15,8,https://summonerswarskyarena.info/monster-list/
974,3,Attack,Drunken Master,Dark,Wei Shin,https://summonerswarskyarena.info/wp-content/uploads/2014/10/Wei-Shin-Dark.png,https://summonerswarskyarena.info/wp-content/uploads/2014/10/Drunken-Master-Dark.png,https://summonerswarskyarena.info/monster/wei-shin-dark-drunken-master-review/,15 10 10 5,14,https://summonerswarskyarena.info/monster-list/
975,5,Defense,Exorcist Association Resolver,Light,Werner,https://summonerswarskyarena.info/wp-content/uploads/2024/11/unit_icon_0166_1_1_werner.png,https://summonerswarskyarena.info/wp-content/uploads/2024/11/unit_icon_0166_1_1_werner.png,https://summonerswarskyarena.info/monster/werner-light-exorcist-association-resolver-review/,,12,https://summonerswarskyarena.info/monster-list/
976,5,Attack,White Tiger Blade Master,Water,White Tiger Blade Master,https://summonerswarskyarena.info/wp-content/uploads/2025/05/unit_icon_0182_1_1_White-Tiger-Blade-MasterWa.png,https://summonerswarskyarena.info/wp-content/uploads/2025/05/unit_icon_0182_1_1_White-Tiger-Blade-MasterWa.png,https://summonerswarskyarena.info/monster/white-tiger-blade-master-water-white-tiger-blade-master-review/,,12,https://summonerswarskyarena.info/monster-list/
977,5,Attack,White Tiger Blade Master,Fire,White Tiger Blade Master,https://summonerswarskyarena.info/wp-content/uploads/2025/05/unit_icon_0182_1_1_White-Tiger-Blade-MasterF.png,https://summonerswarskyarena.info/wp-content/uploads/2025/05/unit_icon_0182_1_1_White-Tiger-Blade-MasterF.png,https://summonerswarskyarena.info/monster/white-tiger-blade-master-fire-white-tiger-blade-master-review/,,12,https://summonerswarskyarena.info/monster-list/
978,4,Attack,White Tiger Blade Master,Wind,White Tiger Blade Master,https://summonerswarskyarena.info/wp-content/uploads/2025/05/unit_icon_0182_1_1_White-Tiger-Blade-MasterWi.png,https://summonerswarskyarena.info/wp-content/uploads/2025/05/unit_icon_0182_1_1_White-Tiger-Blade-MasterWi.png,https://summonerswarskyarena.info/monster/white-tiger-blade-master-wind-white-tiger-blade-master-review/,,13,https://summonerswarskyarena.info/monster-list/
979,5,Attack,White Tiger Blade Master,Light,White Tiger Blade Master,https://summonerswarskyarena.info/wp-content/uploads/2025/05/unit_icon_0182_1_1_White-Tiger-Blade-MasterL.png,https://summonerswarskyarena.info/wp-content/uploads/2025/05/unit_icon_0182_1_1_White-Tiger-Blade-MasterL.png,https://summonerswarskyarena.info/monster/white-tiger-blade-master-light-white-tiger-blade-master-review/,,12,https://summonerswarskyarena.info/monster-list/
980,4,Attack,White Tiger Blade Master,Dark,White Tiger Blade Master,https://summonerswarskyarena.info/wp-content/uploads/2025/05/unit_icon_0182_1_1_White-Tiger-Blade-MasterD.png,https://summonerswarskyarena.info/wp-content/uploads/2025/05/unit_icon_0182_1_1_White-Tiger-Blade-MasterD.png,https://summonerswarskyarena.info/monster/white-tiger-blade-master-dark-white-tiger-blade-master-review/,,11,https://summonerswarskyarena.info/monster-list/
981,4,Support,Jack-o’-lantern,Wind,Windy,https://summonerswarskyarena.info/wp-content/uploads/2015/10/Windy-Wind.png,https://summonerswarskyarena.info/wp-content/uploads/2015/10/Jack-o-lantern-Wind.png,https://summonerswarskyarena.info/monster/windy-wind-jack-o-lantern-review/,10 20 5 15,9,https://summonerswarskyarena.info/monster-list/
982,5,Attack,Sky Dancer,Dark,Wolyung,https://summonerswarskyarena.info/wp-content/uploads/2015/01/wolyung.png,https://summonerswarskyarena.info/wp-content/uploads/2015/01/sky-dancer-dark.png,https://summonerswarskyarena.info/monster/wolyung-dark-sky-dancer-review/,12 15 10 15,13,https://summonerswarskyarena.info/monster-list/
983,4,Defense,Taoist,Wind,Woochi,https://summonerswarskyarena.info/wp-content/uploads/2015/01/woochi.png,https://summonerswarskyarena.info/wp-content/uploads/2015/01/taoist-wind.png,https://summonerswarskyarena.info/monster/woochi-wind-taoist-review/,20 5 15 5,13,https://summonerswarskyarena.info/monster-list/
984,3,HP,Taoist,Dark,Woonhak,https://summonerswarskyarena.info/wp-content/uploads/2015/01/woonhak.png,https://summonerswarskyarena.info/wp-content/uploads/2015/01/taoist-dark.png,https://summonerswarskyarena.info/monster/woonhak-dark-taoist-review/,20 5 15 5,14,https://summonerswarskyarena.info/monster-list/
985,5,HP,Sage,Dark,Woonsa,https://summonerswarskyarena.info/wp-content/uploads/2015/01/woonsa.png,https://summonerswarskyarena.info/wp-content/uploads/2015/01/pioneer-dark.png,https://summonerswarskyarena.info/monster/woonsa-dark-pioneer-review/,20 10 15 5,10,https://summonerswarskyarena.info/monster-list/
986,5,HP,Sage,Water,Woosa,https://summonerswarskyarena.info/wp-content/uploads/2015/01/woosa.png,https://summonerswarskyarena.info/wp-content/uploads/2015/01/pioneer-water.png,https://summonerswarskyarena.info/monster/woosa-water-pioneer-review/,20 10 15 5,12,https://summonerswarskyarena.info/monster-list/
987,5,Attack,Beast Rider,Dark,Xiana,https://summonerswarskyarena.info/wp-content/uploads/2019/12/unit_icon_0054_4_0.png,https://summonerswarskyarena.info/wp-content/uploads/2019/12/unit_icon_0053_4_4.png,https://summonerswarskyarena.info/monster/xiana-dark-beast-rider-review/,5 15 10 20,13,https://summonerswarskyarena.info/monster-list/
988,3,Attack,Drunken Master,Fire,Xiao Chun,https://summonerswarskyarena.info/wp-content/uploads/2014/10/Xiao-Chun-Fire.png,https://summonerswarskyarena.info/wp-content/uploads/2014/10/Drunken-Master-Fire.png,https://summonerswarskyarena.info/monster/xiao-chun-fire-drunken-master-review/,15 10 10 5,13,https://summonerswarskyarena.info/monster-list/
989,4,Attack,Kung Fu Girl,Water,Xiao Lin,https://summonerswarskyarena.info/wp-content/uploads/2014/10/Xiao-Lin.png,https://summonerswarskyarena.info/wp-content/uploads/2014/10/Kung-Fu-Girl-Water.png,https://summonerswarskyarena.info/monster/xiao-lin-water-kung-fu-girl-review/,10 20 5 15,12,https://summonerswarskyarena.info/monster-list/
990,3,HP,Martial Cat,Light,Xiao Ling,https://summonerswarskyarena.info/wp-content/uploads/2017/01/Xiao_Ling_Icon.png,https://summonerswarskyarena.info/wp-content/uploads/2017/01/Martial_Cat_Light_Icon.png,https://summonerswarskyarena.info/monster/xiao-ling-light-martial-cat-review/,15 10 10 5,6,https://summonerswarskyarena.info/monster-list/
991,5,HP,Monkey King,Wind,Xing Zhe,https://summonerswarskyarena.info/wp-content/uploads/2014/10/Xing-Zhe-Wind.png,https://summonerswarskyarena.info/wp-content/uploads/2014/10/Monkey-King-Wind.png,https://summonerswarskyarena.info/monster/xing-zhe-wind-monkey-king-review/,20 10 15 5,9,https://summonerswarskyarena.info/monster-list/
992,5,Defense,Panda Warrior,Fire,Xiong Fei,https://summonerswarskyarena.info/wp-content/uploads/2016/05/Xiong-Fei-Fire.png,https://summonerswarskyarena.info/wp-content/uploads/2016/05/Panda-Warrior-Fire.png,https://summonerswarskyarena.info/monster/xiong-fei-fire-panda-warrior-review/,20 10 15 5,13,https://summonerswarskyarena.info/monster-list/
993,3,Attack,Imp Champion,Water,Yaku,https://summonerswarskyarena.info/wp-content/uploads/2016/12/Yaku_Icon.png,https://summonerswarskyarena.info/wp-content/uploads/2014/12/Imp-Champion-Water.png,https://summonerswarskyarena.info/monster/yaku-water-imp-champion-review/,15 10 10 5,12,https://summonerswarskyarena.info/monster-list/
994,4,Support,Dokkaebi Princess and Sapsaree,Fire,Yeji and Sapsaree,https://summonerswarskyarena.info/wp-content/uploads/2023/10/unit_icon_0132_1_2.png,https://summonerswarskyarena.info/wp-content/uploads/2023/10/unit_icon_0132_0_2.png,https://summonerswarskyarena.info/monster/yeji-and-sapsaree-fire-dokkaebi-princess-and-sapsaree-review/,15 5 20 10,12,https://summonerswarskyarena.info/monster-list/
995,4,Attack,Rakshasa,Wind,Yen,https://summonerswarskyarena.info/wp-content/uploads/2017/01/Yen_Icon.png,https://summonerswarskyarena.info/wp-content/uploads/2017/01/Rakshasa_Wind_Icon.png,https://summonerswarskyarena.info/monster/yen-wind-rakshasa-review/,10 20 5 15,10,https://summonerswarskyarena.info/monster-list/
996,5,Attack,Yennefer,Water,Yennefer,https://summonerswarskyarena.info/wp-content/uploads/2024/01/unit_icon_0143_1_1.png,https://summonerswarskyarena.info/wp-content/uploads/2024/01/unit_icon_0143_1_1.png,https://summonerswarskyarena.info/monster/yennefer-water-yennefer-review/,,13,https://summonerswarskyarena.info/monster-list/
997,5,Support,Yennefer,Fire,Yennefer,https://summonerswarskyarena.info/wp-content/uploads/2024/01/unit_icon_0143_1_2.png,https://summonerswarskyarena.info/wp-content/uploads/2024/01/unit_icon_0143_1_2.png,https://summonerswarskyarena.info/monster/yennefer-fire-yennefer-review/,,11,https://summonerswarskyarena.info/monster-list/
998,4,Attack,Yennefer,Wind,Yennefer,https://summonerswarskyarena.info/wp-content/uploads/2024/01/unit_icon_0143_1_3.png,https://summonerswarskyarena.info/wp-content/uploads/2024/01/unit_icon_0143_1_3.png,https://summonerswarskyarena.info/monster/yennefer-wind-yennefer-review/,,11,https://summonerswarskyarena.info/monster-list/
999,4,Support,Yennefer,Light,Yennefer,https://summonerswarskyarena.info/wp-content/uploads/2024/01/unit_icon_0143_1_4.png,https://summonerswarskyarena.info/wp-content/uploads/2024/01/unit_icon_0143_1_4.png,https://summonerswarskyarena.info/monster/yennefer-light-yennefer-review/,,11,https://summonerswarskyarena.info/monster-list/
1000,5,Attack,Yennefer,Dark,Yennefer,https://summonerswarskyarena.info/wp-content/uploads/2024/01/unit_icon_0143_1_5.png,https://summonerswarskyarena.info/wp-content/uploads/2024/01/unit_icon_0143_1_5.png,https://summonerswarskyarena.info/monster/yennefer-dark-yennefer-review/,,11,https://summonerswarskyarena.info/monster-list/
1001,5,Support,Sky Dancer,Light,Yeonhong,https://summonerswarskyarena.info/wp-content/uploads/2015/01/yeonhong.png,https://summonerswarskyarena.info/wp-content/uploads/2015/01/sky-dancer-light.png,https://summonerswarskyarena.info/monster/yeonhong-light-sky-dancer-review/,12 15 10 15,12,https://summonerswarskyarena.info/monster-list/
1002,4,Support,String Master,Wind,Yeonhwa,https://summonerswarskyarena.info/wp-content/uploads/2020/06/yeonhwa.png,https://summonerswarskyarena.info/wp-content/uploads/2020/06/wind-string-master.png,https://summonerswarskyarena.info/monster/yeonhwa-wind-string-master-review/,15 5 20 10,12,https://summonerswarskyarena.info/monster-list/
1003,5,Attack,Yuji Itadori,Water,Yuji Itadori,https://summonerswarskyarena.info/wp-content/uploads/2024/07/unit_icon_0155_1_1_Yuji-Itadori_Water.png,https://summonerswarskyarena.info/wp-content/uploads/2024/07/unit_icon_0155_1_1_Yuji-Itadori_Water.png,https://summonerswarskyarena.info/monster/yuji-itadori-water-yuji-itadori-review/,,10,https://summonerswarskyarena.info/monster-list/
1004,5,Attack,Yuji Itadori,Fire,Yuji Itadori,https://summonerswarskyarena.info/wp-content/uploads/2024/07/unit_icon_0155_1_2_Yuji-Itadori_Fire.png,https://summonerswarskyarena.info/wp-content/uploads/2024/07/unit_icon_0155_1_2_Yuji-Itadori_Fire.png,https://summonerswarskyarena.info/monster/yuji-itadori-fire-yuji-itadori-review/,,11,https://summonerswarskyarena.info/monster-list/
1005,4,Attack,Yuji Itadori,Wind,Yuji Itadori,https://summonerswarskyarena.info/wp-content/uploads/2024/07/unit_icon_0155_1_3_Yuji-Itadori_Wind.png,https://summonerswarskyarena.info/wp-content/uploads/2024/07/unit_icon_0155_1_3_Yuji-Itadori_Wind.png,https://summonerswarskyarena.info/monster/yuji-itadori-wind-yuji-itadori-review/,,10,https://summonerswarskyarena.info/monster-list/
1006,4,Attack,Yuji Itadori,Light,Yuji Itadori,https://summonerswarskyarena.info/wp-content/uploads/2024/07/unit_icon_0155_1_4_Yuji-Itadori_Light.png,https://summonerswarskyarena.info/wp-content/uploads/2024/07/unit_icon_0155_1_4_Yuji-Itadori_Light.png,https://summonerswarskyarena.info/monster/yuji-itadori-light-yuji-itadori-review/,,10,https://summonerswarskyarena.info/monster-list/
1007,5,Attack,Yuji Itadori,Dark,Yuji Itadori,https://summonerswarskyarena.info/wp-content/uploads/2024/07/unit_icon_0155_1_5_Yuji-Itadori_Dark.png,https://summonerswarskyarena.info/wp-content/uploads/2024/07/unit_icon_0155_1_5_Yuji-Itadori_Dark.png,https://summonerswarskyarena.info/monster/yuji-itadori-dark-yuji-itadori-review/,,10,https://summonerswarskyarena.info/monster-list/
1008,4,Attack,Exorcist Association Hunter,Dark,Yuko,https://summonerswarskyarena.info/wp-content/uploads/2024/11/unit_icon_0164_1_5_yuko.png,https://summonerswarskyarena.info/wp-content/uploads/2024/11/unit_icon_0164_1_5_yuko.png,https://summonerswarskyarena.info/monster/yuko-dark-exorcist-association-hunter-review/,,11,https://summonerswarskyarena.info/monster-list/
1009,4,Support,Dokkaebi Princess and Sapsaree,Wind,Yuna and Sapsaree,https://summonerswarskyarena.info/wp-content/uploads/2023/10/unit_icon_0132_1_3.png,https://summonerswarskyarena.info/wp-content/uploads/2023/10/unit_icon_0132_0_3.png,https://summonerswarskyarena.info/monster/yuna-and-sapsaree-wind-dokkaebi-princess-and-sapsaree-review/,15 5 20 10,10,https://summonerswarskyarena.info/monster-list/
1010,5,Attack,Dragon,Fire,Zaiross,https://summonerswarskyarena.info/wp-content/uploads/2017/02/Zaiross_Icon.png,https://summonerswarskyarena.info/wp-content/uploads/2017/02/Dragon_Fire_Icon.png,https://summonerswarskyarena.info/monster/zaiross-fire-dragon-review/,10 10 15 5,12,https://summonerswarskyarena.info/monster-list/
1011,5,Support,Shadowcaster,Wind,Zen,https://summonerswarskyarena.info/wp-content/uploads/2022/04/unit_icon_0086_1_3.png,https://summonerswarskyarena.info/wp-content/uploads/2022/04/unit_icon_0086_0_3.png,https://summonerswarskyarena.info/monster/zen-wind-shadowcaster-review/,5 15 10 20,10,https://summonerswarskyarena.info/monster-list/
1012,5,Support,Puppeteer,Dark,Zenisek,https://summonerswarskyarena.info/wp-content/uploads/2023/07/unit_icon_0106_1_5.png,https://summonerswarskyarena.info/wp-content/uploads/2023/07/unit_icon_0106_0_5.png,https://summonerswarskyarena.info/monster/zenisek-dark-puppeteer-review/,5 15 10 20,10,https://summonerswarskyarena.info/monster-list/
1013,5,Attack,Zenitsu Agatsuma,Water,Zenitsu Agatsuma,https://summonerswarskyarena.info/wp-content/uploads/2025/01/unit_icon_0169_1_1_ZenitsuWa.png,https://summonerswarskyarena.info/wp-content/uploads/2025/01/unit_icon_0169_1_1_ZenitsuWa.png,https://summonerswarskyarena.info/monster/zenitsu-agatsuma-water-zenitsu-agatsuma-review/,,11,https://summonerswarskyarena.info/monster-list/
1014,4,Attack,Zenitsu Agatsuma,Fire,Zenitsu Agatsuma,https://summonerswarskyarena.info/wp-content/uploads/2025/01/unit_icon_0169_1_1_ZenitsuF.png,https://summonerswarskyarena.info/wp-content/uploads/2025/01/unit_icon_0169_1_1_ZenitsuF.png,https://summonerswarskyarena.info/monster/zenitsu-agatsuma-fire-zenitsu-agatsuma-review/,,11,https://summonerswarskyarena.info/monster-list/
1015,5,Attack,Zenitsu Agatsuma,Wind,Zenitsu Agatsuma,https://summonerswarskyarena.info/wp-content/uploads/2025/01/unit_icon_0169_1_1_ZenitsuWi.png,https://summonerswarskyarena.info/wp-content/uploads/2025/01/unit_icon_0169_1_1_ZenitsuWi.png,https://summonerswarskyarena.info/monster/zenitsu-agatsuma-wind-zenitsu-agatsuma-review/,,12,https://summonerswarskyarena.info/monster-list/
1016,4,Attack,Zenitsu Agatsuma,Light,Zenitsu Agatsuma,https://summonerswarskyarena.info/wp-content/uploads/2025/01/unit_icon_0169_1_1_ZenitsuL.png,https://summonerswarskyarena.info/wp-content/uploads/2025/01/unit_icon_0169_1_1_ZenitsuL.png,https://summonerswarskyarena.info/monster/zenitsu-agatsuma-light-zenitsu-agatsuma-review/,,11,https://summonerswarskyarena.info/monster-list/
1017,5,Attack,Zenitsu Agatsuma,Dark,Zenitsu Agatsuma,https://summonerswarskyarena.info/wp-content/uploads/2025/01/unit_icon_0169_1_1_ZenitsuD.png,https://summonerswarskyarena.info/wp-content/uploads/2025/01/unit_icon_0169_1_1_ZenitsuD.png,https://summonerswarskyarena.info/monster/zenitsu-agatsuma-dark-zenitsu-agatsuma-review/,,11,https://summonerswarskyarena.info/monster-list/
1018,4,Attack,Boomerang Warrior,Wind,Zenobia,https://summonerswarskyarena.info/wp-content/uploads/2018/03/zenobia.png,https://summonerswarskyarena.info/wp-content/uploads/2018/03/wind-boomerang-warrior.png,https://summonerswarskyarena.info/monster/zenobia-wind-boomerang-warrior-review/,15 5 20 10,11,https://summonerswarskyarena.info/monster-list/
1019,3,HP,Charger Shark,Wind,Zephicus,https://summonerswarskyarena.info/wp-content/uploads/2015/06/Zephicus-Wind.png,https://summonerswarskyarena.info/wp-content/uploads/2015/06/Charger-Shark-Wind.png,https://summonerswarskyarena.info/monster/zephicus-wind-charger-shark-review/,15 10 10 5,11,https://summonerswarskyarena.info/monster-list/
1020,5,HP,Dragon,Light,Zerath,https://summonerswarskyarena.info/wp-content/uploads/2017/02/Zerath_Icon.png,https://summonerswarskyarena.info/wp-content/uploads/2017/02/Dragon_Light_Icon.png,https://summonerswarskyarena.info/monster/zerath-light-dragon-review/,20 10 15 5,10,https://summonerswarskyarena.info/monster-list/
1021,5,Attack,Chimera,Dark,Zeratu,https://summonerswarskyarena.info/wp-content/uploads/2017/02/Zeratu_Icon.png,https://summonerswarskyarena.info/wp-content/uploads/2017/02/Chimera_Dark_Icon.png,https://summonerswarskyarena.info/monster/zeratu-dark-chimera-review/,20 10 15 5,6,https://summonerswarskyarena.info/monster-list/
1022,5,Support,Puppeteer,Water,Zibala,https://summonerswarskyarena.info/wp-content/uploads/2023/07/unit_icon_0106_1_1.png,https://summonerswarskyarena.info/wp-content/uploads/2023/07/unit_icon_0106_0_1.png,https://summonerswarskyarena.info/monster/zibala-water-puppeteer-review/,5 15 10 20,10,https://summonerswarskyarena.info/monster-list/
1023,4,Attack,Kobold Bomber,Fire,Zibrolta,https://summonerswarskyarena.info/wp-content/uploads/2014/12/Zibrolta-Fire.png,https://summonerswarskyarena.info/wp-content/uploads/2014/12/Kobold-Bomber-Fire.png,https://summonerswarskyarena.info/monster/zibrolta-fire-kobold-bomber-review/,10 20 5 15,11,https://summonerswarskyarena.info/monster-list/
1024,5,Attack,Puppeteer,Fire,Zima,https://summonerswarskyarena.info/wp-content/uploads/2023/07/unit_icon_0106_1_2.png,https://summonerswarskyarena.info/wp-content/uploads/2023/07/unit_icon_0106_0_2.png,https://summonerswarskyarena.info/monster/zima-fire-puppeteer-review/,5 15 10 20,12,https://summonerswarskyarena.info/monster-list/
1025,3,Defense,Living Armor,Dark,Zinc,https://summonerswarskyarena.info/wp-content/uploads/2017/01/Zinc_Icon.png,https://summonerswarskyarena.info/wp-content/uploads/2017/01/Living_Armor_Dark_Icon.png,https://summonerswarskyarena.info/monster/zinc-dark-living-armor-review/,15 10 10 5,17,https://summonerswarskyarena.info/monster-list/
